Workbook
Name Slicer_Country: #N/A
Name Slicer_Name: #N/A

Sheet global_freelancer_raw data
A1: freelancer_ID | B1: name | C1: gender | D1: Column1 | E1: age | F1: country | G1: language | H1: primary_skill | I1: years_of_experience | J1: hourly_rate (USD) | K1: rating | L1: is_active | M1: client_satisfaction | N1: Notes | O1: Status | P1: no of projects | Q1: duration_months
A2: FL250001 | B2: Ms. Nicole Kidd | C2: f | D2: Female | E2: 52 | F2: Italy | G2: Italian | H2: Blockchain Development | I2: 11 | J2: 100 | L2: 0 | N2: Reviewed | O2: On Hold | P2: 13 | Q2: 6
A3: FL250002 | B3: Vanessa Garcia | C3: FEMALE | D3: Female | E3: 52 | F3: Australia | G3: English | H3: Mobile Apps | I3: 34 | J3: USD 100 | K3: 3.3 | L3: 1 | M3: 0.84 | N3: Reviewed | O3: Completed | P3: 10 | Q3: 7
A4: FL250003 | B4: Juan Nelson | C4: male | D4: Male | E4: 53 | F4: Germany | G4: Germany | H4: Graphic Design | I4: 31 | J4: 50 | K4: 0 | L4: N | M4: 0.71 | N4: Reviewed | O4: Active | P4: 16 | Q4: 16
A5: FL250004 | B5: Amanda Spencer | C5: F | D5: Female | E5: 38 | F5: Australia | G5: English | H5: Web Development | I5: 4 | J5: $40 | K5: 1.5 | L5: N | M5: 0.9 | N5: Reviewed | O5: Completed | P5: 5 | Q5: 1
A6: FL250005 | B6: Lynn Curtis DDS | C6: female | D6: Female | E6: 53 | F6: Germany | G6: Germany | I6: 27 | J6: 30 | K6: 4.8 | L6: 0 | M6: 0.83 | N6: Reviewed | O6: On Hold | P6: 13 | Q6: 3
A7: FL250006 | B7: Lisa Johnson | C7: female | D7: Female | E7: 59 | F7: Netherlands | G7: Dutch | H7: AI | I7: 14 | J7: $30 | K7: 2.4 | L7: FALSE | N7: Urgent | O7: Active | P7: 8 | Q7: 3
A8: FL250007 | B8: Eric Myers | C8: m | D8: Male | E8: 52 | F8: Indonesia | G8: Indonesian | H8: Data Analysis | I8: 10 | J8: USD 75 | K8: 3.1 | L8: 0 | M8: 0.94 | N8: Reviewed | O8: On Hold | P8: 10 | Q8: 3
A9: FL250008 | B9: Ricky Graham | C9: male | D9: Male | E9: 43 | F9: Italy | G9: Italian | H9: Blockchain Development | I9: 14 | J9: USD 40 | K9: 4.6 | L9: FALSE | M9: 0.94 | N9: Urgent | O9: On Hold | P9: 7 | Q9: 10
A10: FL250009 | B10: Sean Martin | C10: male | D10: Male | E10: 26 | F10: US | G10: English | H10: Blockchain Development | I10: 4 | K10: 4 | L10: TRUE | M10: 0.76 | N10: Reviewed | O10: Inactive | P10: 2 | Q10: 4
A11: FL250010 | B11: Matthew Lloyd | C11: MALE | D11: Male | E11: 52 | F11: Turkey | G11: Turkish | H11: AI | I11: 22 | J11: $50 | L11: 1 | N11: Pending | O11: Active | P11: 16 | Q11: 5
A12: FL250011 | B12: Gavin Randall | C12: m | D12: Male | E12: 40 | F12: UK | G12: English | H12: Data Analysis | I12: 17 | J12: 40 | K12: 3.6 | L12: yes | M12: 0.77 | N12: Follow-up | O12: Inactive | P12: 20 | Q12: 5
A13: FL250012 | B13: Michelle Curtis | C13: FEMALE | D13: Female | E13: 55 | F13: Argentina | G13: Spanish | H13: UI/UX Design | I13: 15 | L13: Y | M13: 0.86 | N13: Urgent | O13: Active | P13: 13 | Q13: 4
A14: FL250013 | B14: Alice Schneider | C14: Female | D14: Female | E14: 57 | F14: UK | G14: English | H14: Cybersecurity | I14: 18 | K14: 2 | L14: 0 | M14: 0.86 | N14: Reviewed | O14: On Hold | P14: 16 | Q14: 15
A15: FL250014 | B15: Phillip Shelton | C15: MALE | D15: Male | E15: 38 | G15: Spanish | H15: Graphic Design | I15: 20 | J15: USD 75 | K15: 2.9 | L15: 1 | M15: 0.93 | N15: Pending | O15: On Hold | P15: 17 | Q15: 12
A16: FL250015 | B16: Edward Ferguson | C16: MALE | D16: Male | E16: 50 | F16: Germany | G16: Germany | H16: Data Analysis | I16: 22 | J16: 75 | K16: 3.7 | L16: 1 | M16: 0.7 | N16: Follow-up | O16: Completed | P16: 14 | Q16: 6
A17: FL250016 | B17: Wyatt Stout | C17: m | D17: Male | E17: 42 | F17: Japan | G17: Japanese | I17: 0 | J17: $30 | K17: 1.2 | L17: 0 | M17: 0.69 | N17: Urgent | O17: Active | P17: 5 | Q17: 2
A18: FL250017 | B18: Laura Johnson | C18: Female | D18: Female | E18: 39 | F18: Australia | G18: English | H18: DevOps | I18: 13 | J18: $30 | K18: 2.5 | L18: FALSE | M18: 0.6 | N18: Follow-up | O18: Inactive | P18: 7 | Q18: 1
A19: FL250018 | B19: Scott Burns | C19: M | D19: Male | E19: 56 | F19: India | G19: Hindi | H19: Blockchain Development | M19: 0.87 | N19: Pending | O19: Completed | P19: 1 | Q19: 2
A20: FL250019 | B20: Tyler Aguirre | C20: Male | D20: Male | E20: 56 | F20: US | G20: English | H20: UI/UX Design | I20: 31 | J20: USD 50 | K20: 1.1 | L20: N | M20: 0.75 | N20: Urgent | O20: Completed | P20: 13 | Q20: 3
A21: FL250020 | B21: Matthew Lawson | C21: Male | D21: Male | E21: 57 | F21: Italy | G21: Italian | H21: Web Development | I21: 3 | J21: USD 100 | K21: 1.8 | L21: yes | M21: 0.68 | N21: Follow-up | O21: Completed | P21: 1 | Q21: 1
A22: FL250021 | B22: James Cherry | C22: Male | D22: Male | F22: Indonesia | G22: Indonesian | H22: AI | I22: 9 | J22: 50 | K22: 1.8 | L22: FALSE | M22: 0.65 | N22: Reviewed | O22: Inactive | P22: 15 | Q22: 6
A23: FL250022 | B23: Samuel Sanford | C23: m | D23: Male | E23: 51 | F23: Japan | G23: Japanese | H23: DevOps | K23: 2.4 | L23: N | M23: 0.69 | N23: Urgent | O23: Completed | P23: 3 | Q23: 5
A24: FL250023 | B24: Cesar Greene | C24: m | D24: Male | E24: 51 | F24: Brazil | G24: Portuguese | H24: Cybersecurity | I24: 21 | J24: USD 30 | K24: 4.7 | L24: N | N24: Follow-up | O24: Inactive | P24: 14 | Q24: 2
A25: FL250024 | B25: Melanie Carter | C25: female | D25: Female | E25: 51 | F25: South Korea | G25: Korean | H25: Machine Learning | I25: 15 | J25: $50 | K25: 1.3 | L25: 1 | M25: 1 | N25: Pending | O25: Completed | P25: 9 | Q25: 3
A26: FL250025 | B26: Jennifer Martin | C26: f | D26: Female | E26: 54 | F26: Indonesia | G26: Indonesian | H26: Machine Learning | I26: 13 | J26: 75 | K26: 2.9 | M26: 92 | N26: Pending | O26: Inactive | P26: 15 | Q26: 3
A27: FL250026 | B27: Anna Mccann | C27: FEMALE | D27: Female | E27: 22 | F27: South Korea | G27: Korean | H27: DevOps | I27: 0 | J27: USD 30 | K27: 1.2 | L27: 1 | M27: 0.7 | N27: Urgent | O27: On Hold | P27: 5 | Q27: 2
A28: FL250027 | B28: Marissa Bass | C28: female | D28: Female | E28: 34 | F28: Japan | G28: Japanese | H28: Blockchain Development | I28: 8 | J28: $20 | K28: 0 | L28: TRUE | M28: 0.89 | N28: Follow-up | O28: On Hold | P28: 6 | Q28: 1
A29: FL250028 | B29: Alexis Day | C29: Female | D29: Female | E29: 36 | F29: Russia | G29: Russian | H29: Graphic Design | I29: 11 | K29: 1.8 | L29: Y | M29: 0.86 | N29: Urgent | O29: On Hold | P29: 12 | Q29: 4
A30: FL250029 | B30: Megan Jones | C30: female | D30: Female | E30: 47 | F30: Canada | G30: English | H30: AI | I30: 22 | J30: 30 | K30: 1.3 | L30: 0 | M30: 0.62 | N30: Urgent | O30: On Hold | P30: 14 | Q30: 2
A31: FL250030 | B31: Lori Smith | C31: FEMALE | D31: Female | E31: 41 | F31: Netherlands | G31: Dutch | H31: Data Analysis | I31: 14 | J31: USD 75 | K31: 1.2 | L31: 0 | N31: Follow-up | O31: On Hold | P31: 6 | Q31: 5
A32: FL250031 | B32: Eric Carpenter | C32: Male | D32: Male | E32: 22 | F32: Netherlands | G32: Dutch | H32: DevOps | I32: 4 | K32: 1 | L32: yes | N32: Follow-up | O32: Completed | P32: 3 | Q32: 1
A33: FL250032 | B33: Timothy Daniels | C33: Male | D33: Male | E33: 38 | F33: France | G33: French | H33: Machine Learning | I33: 19 | J33: USD 100 | K33: 4.2 | L33: N | M33: 0.68 | N33: Reviewed | O33: Completed | P33: 10 | Q33: 10
A34: FL250033 | B34: Robert Nelson | C34: M | D34: Male | E34: 46 | F34: Egypt | G34: Arabic | H34: AI | I34: 9 | J34: 20 | K34: 1.4 | L34: TRUE | M34: 0.76 | N34: Follow-up | O34: Completed | P34: 13 | Q34: 6
A35: FL250034 | B35: Michael Anderson | C35: male | D35: Male | F35: South Korea | G35: Korean | H35: AI | I35: 9 | J35: 40 | K35: 2.4 | L35: yes | M35: 82 | N35: Pending | O35: Inactive | P35: 15 | Q35: 3
A36: FL250035 | B36: Jessica Snyder | C36: FEMALE | D36: Female | E36: 54 | F36: US | G36: English | H36: Web Development | I36: 32 | J36: 75 | K36: 1 | L36: yes | M36: 0.81 | N36: Urgent | O36: Inactive | P36: 18 | Q36: 10
A37: FL250036 | B37: Emily Daniels | C37: female | D37: Female | E37: 52 | F37: South Korea | G37: Korean | I37: 28 | J37: $20 | L37: 0 | N37: Urgent | O37: Inactive | P37: 18 | Q37: 2
A38: FL250037 | B38: Jamie Ramirez | C38: f | D38: Female | E38: 42 | F38: Japan | G38: Japanese | H38: Mobile Apps | I38: 6 | J38: 40 | L38: 0 | M38: 0.63 | N38: Pending | O38: Inactive | P38: 15 | Q38: 6
A39: FL250038 | B39: Amy Harrison | C39: F | D39: Female | E39: 29 | F39: Netherlands | G39: Dutch | H39: Graphic Design | I39: 10 | J39: 40 | K39: 2.2 | L39: N | M39: 0.67 | N39: Follow-up | O39: On Hold | P39: 10 | Q39: 9
A40: FL250039 | B40: Melinda White | C40: F | D40: Female | E40: 42 | F40: South Africa | G40: Afrikaans | H40: Mobile Apps | I40: 23 | J40: 50 | K40: 3.2 | L40: yes | N40: Pending | O40: On Hold | P40: 13 | Q40: 3
A41: FL250040 | B41: James Hernandez | C41: Male | D41: Male | E41: 60 | F41: Japan | G41: Japanese | H41: Web Development | I41: 13 | J41: $20 | K41: 3.6 | L41: 0 | M41: 0.8 | N41: Pending | O41: On Hold | P41: 9 | Q41: 3
A42: FL250041 | B42: Angelica Rogers | C42: Female | D42: Female | E42: 59 | F42: UK | G42: English | H42: AI | I42: 3 | J42: USD 50 | K42: 0 | L42: no | N42: Reviewed | O42: Active | P42: 3 | Q42: 1
A43: FL250042 | B43: Savannah Williams | C43: Female | D43: Female | E43: 21 | F43: Canada | G43: English | H43: Web Development | I43: 0 | J43: 30 | K43: 2.7 | L43: 1 | M43: 0.84 | N43: Pending | O43: Completed | P43: 5 | Q43: 1
A44: FL250043 | B44: Kaitlyn Schmidt | C44: Female | D44: Female | E44: 35 | F44: Germany | G44: Germany | H44: DevOps | I44: 10 | J44: $50 | K44: 0 | L44: no | N44: Urgent | O44: Inactive | P44: 7 | Q44: 6
A45: FL250044 | B45: Jason Singh | C45: male | D45: Male | E45: 41 | F45: UK | G45: English | H45: Data Analysis | J45: 20 | K45: 2.8 | L45: TRUE | M45: 0.63 | N45: Pending | O45: Inactive | P45: 1 | Q45: 1
A46: FL250045 | B46: Michelle Ramirez | C46: Female | D46: Female | E46: 51 | F46: Netherlands | G46: Dutch | H46: Machine Learning | I46: 23 | J46: 20 | K46: 2.5 | L46: FALSE | M46: 0.8 | N46: Urgent | O46: On Hold | P46: 17 | Q46: 15
A47: FL250046 | B47: James Brown | C47: male | D47: Male | E47: 41 | F47: South Africa | G47: Afrikaans | H47: Web Development | I47: 9 | J47: $75 | K47: 4.9 | L47: 1 | M47: 0.74 | N47: Urgent | O47: Inactive | P47: 13 | Q47: 8
A48: FL250047 | B48: Mrs. Samantha Simmons | C48: Female | D48: Female | E48: 47 | F48: Egypt | G48: Arabic | H48: DevOps | I48: 15 | J48: USD 30 | K48: 4.5 | L48: 1 | M48: 0.85 | N48: Urgent | O48: Inactive | P48: 12 | Q48: 4
A49: FL250048 | B49: Chase Mason | C49: male | D49: Male | E49: 25 | F49: China | G49: Mandarin | H49: Graphic Design | I49: 4 | J49: 50 | K49: 2.7 | L49: N | M49: 0.77 | N49: Follow-up | O49: Completed | P49: 4 | Q49: 3
A50: FL250049 | B50: Dominique Ward | C50: F | D50: Female | E50: 25 | F50: Mexico | G50: Spanish | H50: Mobile Apps | I50: 7 | J50: 20 | K50: 1.9 | L50: 0 | N50: Reviewed | O50: On Hold | P50: 12 | Q50: 10
A51: FL250050 | B51: Lance Griffin | C51: m | D51: Male | E51: 29 | G51: Dutch | H51: UI/UX Design | I51: 1 | J51: 20 | K51: 1.4 | L51: 1 | M51: 0.63 | N51: Urgent | O51: Completed | P51: 2 | Q51: 1
A52: FL250051 | B52: Julie Burgess | C52: FEMALE | D52: Female | E52: 23 | F52: Argentina | G52: Spanish | H52: Cybersecurity | I52: 0 | J52: 75 | K52: 1.9 | L52: TRUE | M52: 0.79 | N52: Urgent | O52: Active | P52: 2 | Q52: 5
A53: FL250052 | B53: Don Scott | C53: male | D53: Male | E53: 31 | F53: France | G53: French | H53: Data Analysis | I53: 8 | J53: 50 | K53: 3.4 | L53: 0 | N53: Follow-up | O53: Active | P53: 11 | Q53: 3
A54: FL250053 | B54: Kyle Atkinson | C54: Male | D54: Male | E54: 51 | F54: Germany | G54: Germany | H54: Machine Learning | I54: 33 | J54: 75 | K54: 3.3 | M54: 0.68 | N54: Urgent | O54: Active | P54: 17 | Q54: 8
A55: FL250054 | B55: Jimmy Hogan | C55: m | D55: Male | F55: Spain | G55: Spanish | H55: UI/UX Design | I55: 1 | J55: 30 | K55: 0 | L55: 0 | M55: 0.68 | N55: Pending | O55: On Hold | P55: 1 | Q55: 2
A56: FL250055 | B56: Jennifer Mcintyre | C56: f | D56: Female | E56: 29 | F56: Turkey | G56: Turkish | H56: Cybersecurity | I56: 11 | J56: 100 | K56: 2.3 | L56: TRUE | M56: 0.72 | N56: Pending | O56: Inactive | P56: 7 | Q56: 7
A57: FL250056 | B57: Larry Simpson | C57: m | D57: Male | E57: 50 | F57: UK | G57: English | H57: AI | I57: 15 | K57: 2 | L57: yes | M57: 0.65 | N57: Reviewed | O57: On Hold | P57: 7 | Q57: 7
A58: FL250057 | B58: Laura Price | C58: f | D58: Female | E58: 26 | F58: UK | G58: English | H58: DevOps | I58: 8 | J58: 50 | K58: 1.3 | L58: FALSE | M58: 0.76 | N58: Urgent | O58: On Hold | P58: 7 | Q58: 5
A59: FL250058 | B59: Mark Wright | C59: Male | D59: Male | E59: 38 | F59: Canada | G59: English | H59: AI | I59: 17 | J59: USD 40 | K59: 4 | L59: TRUE | M59: 0.9 | N59: Follow-up | O59: Inactive | P59: 16 | Q59: 11
A60: FL250059 | B60: Samantha Mcdaniel | C60: FEMALE | D60: Female | E60: 23 | F60: India | G60: Hindi | H60: Mobile Apps | J60: 75 | K60: 3.6 | L60: 1 | M60: 0.65 | N60: Pending | O60: Completed | P60: 2 | Q60: 4
A61: FL250060 | B61: Barbara Foster | C61: Female | D61: Female | E61: 51 | F61: South Africa | G61: Afrikaans | H61: DevOps | I61: 28 | J61: 40 | K61: 3.9 | L61: 0 | M61: 0.63 | N61: Follow-up | O61: Active | P61: 13 | Q61: 6
A62: FL250061 | B62: Courtney Tran | C62: F | D62: Female | E62: 51 | F62: Indonesia | G62: Indonesian | H62: AI | I62: 33 | J62: $75 | K62: 0 | L62: TRUE | N62: Follow-up | O62: Completed | P62: 14 | Q62: 8
A63: FL250062 | B63: Eddie Todd | C63: Male | D63: Male | E63: 47 | F63: Germany | G63: Germany | H63: AI | I63: 18 | J63: 75 | K63: 0 | L63: 0 | N63: Pending | O63: Active | P63: 11 | Q63: 8
A64: FL250063 | B64: Christine Johnson | C64: Female | D64: Female | E64: 34 | F64: Russia | G64: Russian | H64: UI/UX Design | I64: 16 | J64: $20 | K64: 2.3 | L64: yes | M64: 0.93 | N64: Follow-up | O64: On Hold | P64: 15 | Q64: 5
A65: FL250064 | B65: Leah Phelps | C65: f | D65: Female | E65: 58 | F65: Indonesia | G65: Indonesian | H65: Data Analysis | I65: 35 | J65: USD 50 | K65: 4.7 | L65: no | M65: 0.7 | N65: Pending | O65: Active | P65: 17 | Q65: 13
A66: FL250065 | B66: Rebekah Williams | C66: F | D66: Female | E66: 50 | F66: Russia | G66: Russian | H66: AI | I66: 14 | K66: 3.5 | L66: Y | M66: 0.83 | N66: Follow-up | O66: On Hold | P66: 13 | Q66: 8
A67: FL250066 | B67: Crystal Wilson | C67: FEMALE | D67: Female | E67: 34 | F67: Spain | G67: Spanish | H67: Web Development | I67: 12 | J67: 40 | K67: 2.4 | L67: 1 | M67: 64 | N67: Pending | O67: Completed | P67: 14 | Q67: 12
A68: FL250067 | B68: Ashley Cordova | C68: Female | D68: Female | E68: 45 | F68: Brazil | G68: Portuguese | H68: AI | I68: 11 | J68: USD 75 | K68: 4 | L68: N | M68: 1 | N68: Urgent | O68: On Hold | P68: 9 | Q68: 2
A69: FL250068 | B69: Vicki Kelly | C69: FEMALE | D69: Female | E69: 55 | F69: Brazil | G69: Portuguese | H69: Web Development | I69: 0 | J69: $40 | K69: 0 | L69: TRUE | N69: Reviewed | O69: Completed | P69: 5 | Q69: 5
A70: FL250069 | B70: Corey Warren | C70: m | D70: Male | F70: Argentina | G70: Spanish | H70: UI/UX Design | I70: 6 | J70: 100 | K70: 1.5 | L70: FALSE | N70: Pending | O70: Inactive | P70: 8 | Q70: 2
A71: FL250070 | B71: Gina Thompson | C71: FEMALE | D71: Female | E71: 60 | F71: China | G71: Mandarin | H71: UI/UX Design | I71: 38 | J71: $20 | K71: 2 | L71: no | M71: 0.71 | N71: Pending | O71: Inactive | P71: 19 | Q71: 7
A72: FL250071 | B72: Yvonne Berg | C72: f | D72: Female | E72: 33 | F72: South Africa | G72: Afrikaans | H72: Mobile Apps | I72: 11 | L72: yes | M72: 0.84 | N72: Reviewed | O72: Inactive | P72: 6 | Q72: 3
A73: FL250072 | B73: Thomas Miller | C73: M | D73: Male | E73: 60 | F73: Italy | G73: Italian | H73: DevOps | I73: 13 | J73: USD 50 | K73: 1 | L73: FALSE | N73: Pending | O73: On Hold | P73: 15 | Q73: 1
A74: FL250073 | B74: Nicholas Burton | C74: MALE | D74: Male | E74: 40 | F74: US | G74: English | H74: Web Development | I74: 9 | J74: $100 | K74: 4.5 | L74: yes | M74: 0.69 | N74: Pending | O74: Inactive | P74: 11 | Q74: 10
A75: FL250074 | B75: Jorge Riley | C75: Male | D75: Male | E75: 59 | F75: Australia | G75: English | H75: Blockchain Development | I75: 4 | K75: 1.9 | L75: FALSE | M75: 88 | N75: Follow-up | O75: Active | P75: 5 | Q75: 1
A76: FL250075 | B76: Melvin Harris | C76: M | D76: Male | E76: 36 | G76: Italian | H76: Machine Learning | I76: 14 | J76: $100 | K76: 3.7 | L76: 0 | N76: Reviewed | O76: Completed | P76: 9 | Q76: 5
A77: FL250076 | B77: Jeremy Meyer | C77: Male | D77: Male | E77: 32 | F77: India | G77: Hindi | H77: Data Analysis | J77: 30 | K77: 1.9 | L77: TRUE | M77: 0.96 | N77: Urgent | O77: Completed | P77: 2 | Q77: 2
A78: FL250077 | B78: Timothy Lee | C78: male | D78: Male | E78: 59 | F78: Australia | G78: English | H78: AI | I78: 9 | J78: USD 75 | K78: 4 | L78: 1 | M78: 96 | N78: Pending | O78: Active | P78: 14 | Q78: 5
A79: FL250078 | B79: Diana Bautista | C79: F | D79: Female | E79: 54 | F79: Spain | G79: Spanish | H79: DevOps | I79: 32 | J79: USD 40 | K79: 1.8 | L79: N | N79: Reviewed | O79: On Hold | P79: 10 | Q79: 7
A80: FL250079 | B80: Leslie Rodriguez | C80: f | D80: Female | E80: 37 | F80: Canada | G80: English | H80: Graphic Design | I80: 9 | K80: 0 | L80: 1 | M80: 0.89 | N80: Follow-up | O80: On Hold | P80: 14 | Q80: 6
A81: FL250080 | B81: Noah Wiggins | C81: MALE | D81: Male | E81: 54 | F81: India | G81: Hindi | H81: Machine Learning | I81: 21 | J81: $100 | K81: 4.6 | L81: FALSE | N81: Urgent | O81: Completed | P81: 20 | Q81: 3
A82: FL250081 | B82: Bridget Williams | C82: Female | D82: Female | E82: 33 | F82: Argentina | G82: Spanish | H82: UI/UX Design | I82: 12 | J82: 100 | K82: 3.6 | L82: 0 | M82: 0.63 | N82: Reviewed | O82: Inactive | P82: 10 | Q82: 2
A83: FL250082 | B83: Veronica Baker | C83: f | D83: Female | E83: 25 | F83: Egypt | G83: Arabic | H83: Web Development | I83: 7 | J83: USD 40 | K83: 4.4 | M83: 81 | N83: Urgent | O83: On Hold | P83: 11 | Q83: 8
A84: FL250083 | B84: Andrew Avila | C84: Male | D84: Male | F84: China | G84: Mandarin | H84: DevOps | I84: 3 | J84: 40 | K84: 4.6 | L84: N | M84: 0.74 | N84: Urgent | O84: On Hold | P84: 1 | Q84: 1
A85: FL250084 | B85: Michael Roberson | C85: male | D85: Male | E85: 35 | F85: South Korea | G85: Korean | H85: Web Development | I85: 5 | J85: $75 | K85: 3.2 | L85: FALSE | M85: 0.72 | N85: Urgent | O85: Active | P85: 2 | Q85: 1
A86: FL250085 | B86: Austin Jenkins | C86: Male | D86: Male | E86: 59 | F86: South Korea | G86: Korean | H86: AI | I86: 30 | J86: $40 | K86: 0 | L86: TRUE | N86: Pending | O86: Active | P86: 13 | Q86: 13
A87: FL250086 | B87: Brenda Green | C87: female | D87: Female | E87: 21 | F87: China | G87: Mandarin | H87: DevOps | I87: 2 | J87: 100 | K87: 2.6 | L87: Y | M87: 0.85 | N87: Pending | O87: Inactive | P87: 5 | Q87: 3
A88: FL250087 | B88: Samuel Pierce | C88: M | D88: Male | E88: 25 | F88: US | G88: English | H88: Mobile Apps | I88: 2 | J88: $75 | K88: 3.7 | L88: N | N88: Follow-up | O88: On Hold | P88: 1 | Q88: 1
A89: FL250088 | B89: Briana Smith | C89: f | D89: Female | E89: 38 | F89: Mexico | G89: Spanish | H89: Web Development | I89: 19 | J89: 75 | K89: 2.3 | L89: FALSE | M89: 0.61 | N89: Follow-up | O89: On Hold | P89: 20 | Q89: 9
A90: FL250089 | B90: Ronald Barrett | C90: Male | D90: Male | E90: 57 | F90: Russia | G90: Russian | H90: AI | I90: 16 | J90: 100 | K90: 3.1 | L90: FALSE | N90: Reviewed | O90: Active | P90: 18 | Q90: 4
A91: FL250090 | B91: Matthew Smith | C91: m | D91: Male | E91: 32 | F91: India | G91: Hindi | H91: Mobile Apps | I91: 10 | J91: $20 | K91: 2.4 | L91: 0 | M91: 0.86 | N91: Follow-up | O91: On Hold | P91: 9 | Q91: 3
A92: FL250091 | B92: Logan Huang | C92: male | D92: Male | E92: 21 | F92: Italy | G92: Italian | H92: DevOps | I92: 2 | J92: USD 100 | K92: 1.6 | L92: yes | M92: 0.97 | N92: Urgent | O92: Completed | P92: 4 | Q92: 2
A93: FL250092 | B93: Miranda Hutchinson | C93: Female | D93: Female | E93: 57 | F93: Canada | G93: English | H93: Cybersecurity | I93: 18 | J93: 50 | K93: 2.4 | L93: 1 | M93: 0.63 | N93: Urgent | O93: Active | P93: 11 | Q93: 9
A94: FL250093 | B94: Paul Richardson | C94: male | D94: Male | E94: 53 | F94: China | G94: Mandarin | H94: UI/UX Design | I94: 21 | J94: USD 100 | L94: Y | M94: 0.97 | N94: Pending | O94: Inactive | P94: 20 | Q94: 10
A95: FL250094 | B95: Jose Jones | C95: M | D95: Male | E95: 35 | F95: Russia | G95: Russian | H95: Blockchain Development | I95: 3 | J95: USD 30 | K95: 3.8 | L95: yes | M95: 0.81 | N95: Urgent | O95: Active | P95: 3 | Q95: 2
A96: FL250095 | B96: Denise Smith | C96: f | D96: Female | E96: 54 | F96: China | G96: Mandarin | H96: Machine Learning | I96: 17 | J96: 20 | K96: 1.7 | L96: 0 | M96: 0.69 | N96: Reviewed | O96: On Hold | P96: 17 | Q96: 15
A97: FL250096 | B97: Shelby Mcmahon | C97: FEMALE | D97: Female | E97: 36 | F97: Italy | G97: Italian | H97: UI/UX Design | I97: 0 | J97: 20 | K97: 1.3 | L97: Y | M97: 0.64 | N97: Urgent | O97: Inactive | P97: 2 | Q97: 2
A98: FL250097 | B98: Bethany Wright | C98: f | D98: Female | E98: 49 | F98: Spain | G98: Spanish | H98: Cybersecurity | I98: 25 | J98: 50 | K98: 5 | L98: N | M98: 0.77 | N98: Urgent | O98: Active | P98: 14 | Q98: 8
A99: FL250098 | B99: David Ortiz | C99: Male | D99: Male | E99: 37 | F99: US | G99: English | H99: Blockchain Development | I99: 17 | J99: 20 | K99: 3.3 | L99: 0 | M99: 96 | N99: Reviewed | O99: Completed | P99: 20 | Q99: 11
A100: FL250099 | B100: Andrew Lynch | C100: MALE | D100: Male | F100: US | G100: English | H100: UI/UX Design | I100: 5 | J100: $20 | K100: 1.1 | L100: no | M100: 0.74 | N100: Follow-up | O100: Completed | P100: 2 | Q100: 1
...

Sheet global_freelancer Cleaned data
A1: Freelancer ID | B1: Name | C1: Gender | D1: Age | E1: Country | F1: Language | G1: Primary_skill | H1: Years_of_Experience | I1: Hourly_rate (USD) | J1: Rating | K1: Is_active | L1: Client Satisfaction | M1: Notes | N1: Status | O1: No of projects | P1: IF Condition | Q1: Duration Months
A2: FL250001 | B2: Ms. Nicole Kidd | C2: Female | D2: 52 | E2: Italy | F2: Italian | G2: Blockchain Development | H2: 11 | I2: 100 | J2: Not Mentioned | K2: 0 | L2: Not Mentioned | M2: Reviewed | N2: On Hold | O2: 13 | P2: =IF(global_freelancer_raw[[#This Row],[No of projects ]]<=5,"Entry level","Well Experienced") -> Well Experienced | Q2: 6
A3: FL250002 | B3: Vanessa Garcia | C3: Female | D3: 52 | E3: Australia | F3: English | G3: Mobile Apps | H3: 34 | I3: USD 100 | J3: 3.3 | K3: 1 | L3: 0.84 | M3: Reviewed | N3: Completed | O3: 10 | P3: =IF(global_freelancer_raw[[#This Row],[No of projects ]]<=5,"Entry level","Well Experienced") -> Well Experienced | Q3: 7
A4: FL250003 | B4: Juan Nelson | C4: Male | D4: 53 | E4: Germany | F4: Germany | G4: Graphic Design | H4: 31 | I4: 50 | J4: 0 | K4: N | L4: 0.71 | M4: Reviewed | N4: Active | O4: 16 | P4: =IF(global_freelancer_raw[[#This Row],[No of projects ]]<=5,"Entry level","Well Experienced") -> Well Experienced | Q4: 16
A5: FL250004 | B5: Amanda Spencer | C5: Female | D5: 38 | E5: Australia | F5: English | G5: Web Development | H5: 4 | I5: $40 | J5: 1.5 | K5: N | L5: 0.9 | M5: Reviewed | N5: Completed | O5: 5 | P5: =IF(global_freelancer_raw[[#This Row],[No of projects ]]<=5,"Entry level","Well Experienced") -> Entry level | Q5: 1
A6: FL250005 | B6: Lynn Curtis DDS | C6: Female | D6: 53 | E6: Germany | F6: Germany | G6: Not Mentioned | H6: 27 | I6: 30 | J6: 4.8 | K6: 0 | L6: 0.83 | M6: Reviewed | N6: On Hold | O6: 13 | P6: =IF(global_freelancer_raw[[#This Row],[No of projects ]]<=5,"Entry level","Well Experienced") -> Well Experienced | Q6: 3
A7: FL250006 | B7: Lisa Johnson | C7: Female | D7: 59 | E7: Netherlands | F7: Dutch | G7: AI | H7: 14 | I7: $30 | J7: 2.4 | K7: FALSE | L7: Not Mentioned | M7: Urgent | N7: Active | O7: 8 | P7: =IF(global_freelancer_raw[[#This Row],[No of projects ]]<=5,"Entry level","Well Experienced") -> Well Experienced | Q7: 3
A8: FL250007 | B8: Eric Myers | C8: Male | D8: 52 | E8: Indonesia | F8: Indonesian | G8: Data Analysis | H8: 10 | I8: USD 75 | J8: 3.1 | K8: 0 | L8: 0.94 | M8: Reviewed | N8: On Hold | O8: 10 | P8: =IF(global_freelancer_raw[[#This Row],[No of projects ]]<=5,"Entry level","Well Experienced") -> Well Experienced | Q8: 3
A9: FL250008 | B9: Ricky Graham | C9: Male | D9: 43 | E9: Italy | F9: Italian | G9: Blockchain Development | H9: 14 | I9: USD 40 | J9: 4.6 | K9: FALSE | L9: 0.94 | M9: Urgent | N9: On Hold | O9: 7 | P9: =IF(global_freelancer_raw[[#This Row],[No of projects ]]<=5,"Entry level","Well Experienced") -> Well Experienced | Q9: 10
A10: FL250009 | B10: Sean Martin | C10: Male | D10: 26 | E10: US | F10: English | G10: Blockchain Development | H10: 4 | I10: Not given | J10: 4 | K10: TRUE | L10: 0.76 | M10: Reviewed | N10: Inactive | O10: 2 | P10: =IF(global_freelancer_raw[[#This Row],[No of projects ]]<=5,"Entry level","Well Experienced") -> Entry level | Q10: 4
A11: FL250010 | B11: Matthew Lloyd | C11: Male | D11: 52 | E11: Turkey | F11: Turkish | G11: AI | H11: 22 | I11: $50 | J11: Not Mentioned | K11: 1 | L11: Not Mentioned | M11: Pending | N11: Active | O11: 16 | P11: =IF(global_freelancer_raw[[#This Row],[No of projects ]]<=5,"Entry level","Well Experienced") -> Well Experienced | Q11: 5
A12: FL250011 | B12: Gavin Randall | C12: Male | D12: 40 | E12: UK | F12: English | G12: Data Analysis | H12: 17 | I12: 40 | J12: 3.6 | K12: yes | L12: 0.77 | M12: Follow-up | N12: Inactive | O12: 20 | P12: =IF(global_freelancer_raw[[#This Row],[No of projects ]]<=5,"Entry level","Well Experienced") -> Well Experienced | Q12: 5
A13: FL250012 | B13: Michelle Curtis | C13: Female | D13: 55 | E13: Argentina | F13: Spanish | G13: UI/UX Design | H13: 15 | I13: Not given | J13: Not Mentioned | K13: Y | L13: 0.86 | M13: Urgent | N13: Active | O13: 13 | P13: =IF(global_freelancer_raw[[#This Row],[No of projects ]]<=5,"Entry level","Well Experienced") -> Well Experienced | Q13: 4
A14: FL250013 | B14: Alice Schneider | C14: Female | D14: 57 | E14: UK | F14: English | G14: Cybersecurity | H14: 18 | I14: Not given | J14: 2 | K14: 0 | L14: 0.86 | M14: Reviewed | N14: On Hold | O14: 16 | P14: =IF(global_freelancer_raw[[#This Row],[No of projects ]]<=5,"Entry level","Well Experienced") -> Well Experienced | Q14: 15
A15: FL250014 | B15: Phillip Shelton | C15: Male | D15: 38 | E15: Not Mentioned | F15: Spanish | G15: Graphic Design | H15: 20 | I15: USD 75 | J15: 2.9 | K15: 1 | L15: 0.93 | M15: Pending | N15: On Hold | O15: 17 | P15: =IF(global_freelancer_raw[[#This Row],[No of projects ]]<=5,"Entry level","Well Experienced") -> Well Experienced | Q15: 12
A16: FL250015 | B16: Edward Ferguson | C16: Male | D16: 50 | E16: Germany | F16: Germany | G16: Data Analysis | H16: 22 | I16: 75 | J16: 3.7 | K16: 1 | L16: 0.7 | M16: Follow-up | N16: Completed | O16: 14 | P16: =IF(global_freelancer_raw[[#This Row],[No of projects ]]<=5,"Entry level","Well Experienced") -> Well Experienced | Q16: 6
A17: FL250016 | B17: Wyatt Stout | C17: Male | D17: 42 | E17: Japan | F17: Japanese | G17: Not Mentioned | H17: 0 | I17: $30 | J17: 1.2 | K17: 0 | L17: 0.69 | M17: Urgent | N17: Active | O17: 5 | P17: =IF(global_freelancer_raw[[#This Row],[No of projects ]]<=5,"Entry level","Well Experienced") -> Entry level | Q17: 2
A18: FL250017 | B18: Laura Johnson | C18: Female | D18: 39 | E18: Australia | F18: English | G18: DevOps | H18: 13 | I18: $30 | J18: 2.5 | K18: FALSE | L18: 0.6 | M18: Follow-up | N18: Inactive | O18: 7 | P18: =IF(global_freelancer_raw[[#This Row],[No of projects ]]<=5,"Entry level","Well Experienced") -> Well Experienced | Q18: 1
A19: FL250018 | B19: Scott Burns | C19: Male | D19: 56 | E19: India | F19: Hindi | G19: Blockchain Development | H19: Not Mentioned | I19: Not given | J19: Not Mentioned | K19: Not Mentioned | L19: 0.87 | M19: Pending | N19: Completed | O19: 1 | P19: =IF(global_freelancer_raw[[#This Row],[No of projects ]]<=5,"Entry level","Well Experienced") -> Entry level | Q19: 2
A20: FL250019 | B20: Tyler Aguirre | C20: Male | D20: 56 | E20: US | F20: English | G20: UI/UX Design | H20: 31 | I20: USD 50 | J20: 1.1 | K20: N | L20: 0.75 | M20: Urgent | N20: Completed | O20: 13 | P20: =IF(global_freelancer_raw[[#This Row],[No of projects ]]<=5,"Entry level","Well Experienced") -> Well Experienced | Q20: 3
A21: FL250020 | B21: Matthew Lawson | C21: Male | D21: 57 | E21: Italy | F21: Italian | G21: Web Development | H21: 3 | I21: USD 100 | J21: 1.8 | K21: yes | L21: 0.68 | M21: Follow-up | N21: Completed | O21: 1 | P21: =IF(global_freelancer_raw[[#This Row],[No of projects ]]<=5,"Entry level","Well Experienced") -> Entry level | Q21: 1
A22: FL250021 | B22: James Cherry | C22: Male | D22: Not given | E22: Indonesia | F22: Indonesian | G22: AI | H22: 9 | I22: 50 | J22: 1.8 | K22: FALSE | L22: 0.65 | M22: Reviewed | N22: Inactive | O22: 15 | P22: =IF(global_freelancer_raw[[#This Row],[No of projects ]]<=5,"Entry level","Well Experienced") -> Well Experienced | Q22: 6
A23: FL250022 | B23: Samuel Sanford | C23: Male | D23: 51 | E23: Japan | F23: Japanese | G23: DevOps | H23: Not Mentioned | I23: Not given | J23: 2.4 | K23: N | L23: 0.69 | M23: Urgent | N23: Completed | O23: 3 | P23: =IF(global_freelancer_raw[[#This Row],[No of projects ]]<=5,"Entry level","Well Experienced") -> Entry level | Q23: 5
A24: FL250023 | B24: Cesar Greene | C24: Male | D24: 51 | E24: Brazil | F24: Portuguese | G24: Cybersecurity | H24: 21 | I24: USD 30 | J24: 4.7 | K24: N | L24: Not Mentioned | M24: Follow-up | N24: Inactive | O24: 14 | P24: =IF(global_freelancer_raw[[#This Row],[No of projects ]]<=5,"Entry level","Well Experienced") -> Well Experienced | Q24: 2
A25: FL250024 | B25: Melanie Carter | C25: Female | D25: 51 | E25: South Korea | F25: Korean | G25: Machine Learning | H25: 15 | I25: $50 | J25: 1.3 | K25: 1 | L25: 1 | M25: Pending | N25: Completed | O25: 9 | P25: =IF(global_freelancer_raw[[#This Row],[No of projects ]]<=5,"Entry level","Well Experienced") -> Well Experienced | Q25: 3
A26: FL250025 | B26: Jennifer Martin | C26: Female | D26: 54 | E26: Indonesia | F26: Indonesian | G26: Machine Learning | H26: 13 | I26: 75 | J26: 2.9 | K26: Not Mentioned | L26: 92 | M26: Pending | N26: Inactive | O26: 15 | P26: =IF(global_freelancer_raw[[#This Row],[No of projects ]]<=5,"Entry level","Well Experienced") -> Well Experienced | Q26: 3
A27: FL250026 | B27: Anna Mccann | C27: Female | D27: 22 | E27: South Korea | F27: Korean | G27: DevOps | H27: 0 | I27: USD 30 | J27: 1.2 | K27: 1 | L27: 0.7 | M27: Urgent | N27: On Hold | O27: 5 | P27: =IF(global_freelancer_raw[[#This Row],[No of projects ]]<=5,"Entry level","Well Experienced") -> Entry level | Q27: 2
A28: FL250027 | B28: Marissa Bass | C28: Female | D28: 34 | E28: Japan | F28: Japanese | G28: Blockchain Development | H28: 8 | I28: $20 | J28: 0 | K28: TRUE | L28: 0.89 | M28: Follow-up | N28: On Hold | O28: 6 | P28: =IF(global_freelancer_raw[[#This Row],[No of projects ]]<=5,"Entry level","Well Experienced") -> Well Experienced | Q28: 1
A29: FL250028 | B29: Alexis Day | C29: Female | D29: 36 | E29: Russia | F29: Russian | G29: Graphic Design | H29: 11 | I29: Not given | J29: 1.8 | K29: Y | L29: 0.86 | M29: Urgent | N29: On Hold | O29: 12 | P29: =IF(global_freelancer_raw[[#This Row],[No of projects ]]<=5,"Entry level","Well Experienced") -> Well Experienced | Q29: 4
A30: FL250029 | B30: Megan Jones | C30: Female | D30: 47 | E30: Canada | F30: English | G30: AI | H30: 22 | I30: 30 | J30: 1.3 | K30: 0 | L30: 0.62 | M30: Urgent | N30: On Hold | O30: 14 | P30: =IF(global_freelancer_raw[[#This Row],[No of projects ]]<=5,"Entry level","Well Experienced") -> Well Experienced | Q30: 2
A31: FL250030 | B31: Lori Smith | C31: Female | D31: 41 | E31: Netherlands | F31: Dutch | G31: Data Analysis | H31: 14 | I31: USD 75 | J31: 1.2 | K31: 0 | L31: Not Mentioned | M31: Follow-up | N31: On Hold | O31: 6 | P31: =IF(global_freelancer_raw[[#This Row],[No of projects ]]<=5,"Entry level","Well Experienced") -> Well Experienced | Q31: 5
A32: FL250031 | B32: Eric Carpenter | C32: Male | D32: 22 | E32: Netherlands | F32: Dutch | G32: DevOps | H32: 4 | I32: Not given | J32: 1 | K32: yes | L32: Not Mentioned | M32: Follow-up | N32: Completed | O32: 3 | P32: =IF(global_freelancer_raw[[#This Row],[No of projects ]]<=5,"Entry level","Well Experienced") -> Entry level | Q32: 1
A33: FL250032 | B33: Timothy Daniels | C33: Male | D33: 38 | E33: France | F33: French | G33: Machine Learning | H33: 19 | I33: USD 100 | J33: 4.2 | K33: N | L33: 0.68 | M33: Reviewed | N33: Completed | O33: 10 | P33: =IF(global_freelancer_raw[[#This Row],[No of projects ]]<=5,"Entry level","Well Experienced") -> Well Experienced | Q33: 10
A34: FL250033 | B34: Robert Nelson | C34: Male | D34: 46 | E34: Egypt | F34: Arabic | G34: AI | H34: 9 | I34: 20 | J34: 1.4 | K34: TRUE | L34: 0.76 | M34: Follow-up | N34: Completed | O34: 13 | P34: =IF(global_freelancer_raw[[#This Row],[No of projects ]]<=5,"Entry level","Well Experienced") -> Well Experienced | Q34: 6
A35: FL250034 | B35: Michael Anderson | C35: Male | D35: Not given | E35: South Korea | F35: Korean | G35: AI | H35: 9 | I35: 40 | J35: 2.4 | K35: yes | L35: 82 | M35: Pending | N35: Inactive | O35: 15 | P35: =IF(global_freelancer_raw[[#This Row],[No of projects ]]<=5,"Entry level","Well Experienced") -> Well Experienced | Q35: 3
A36: FL250035 | B36: Jessica Snyder | C36: Female | D36: 54 | E36: US | F36: English | G36: Web Development | H36: 32 | I36: 75 | J36: 1 | K36: yes | L36: 0.81 | M36: Urgent | N36: Inactive | O36: 18 | P36: =IF(global_freelancer_raw[[#This Row],[No of projects ]]<=5,"Entry level","Well Experienced") -> Well Experienced | Q36: 10
A37: FL250036 | B37: Emily Daniels | C37: Female | D37: 52 | E37: South Korea | F37: Korean | G37: Not Mentioned | H37: 28 | I37: $20 | J37: Not Mentioned | K37: 0 | L37: Not Mentioned | M37: Urgent | N37: Inactive | O37: 18 | P37: =IF(global_freelancer_raw[[#This Row],[No of projects ]]<=5,"Entry level","Well Experienced") -> Well Experienced | Q37: 2
A38: FL250037 | B38: Jamie Ramirez | C38: Female | D38: 42 | E38: Japan | F38: Japanese | G38: Mobile Apps | H38: 6 | I38: 40 | J38: Not Mentioned | K38: 0 | L38: 0.63 | M38: Pending | N38: Inactive | O38: 15 | P38: =IF(global_freelancer_raw[[#This Row],[No of projects ]]<=5,"Entry level","Well Experienced") -> Well Experienced | Q38: 6
A39: FL250038 | B39: Amy Harrison | C39: Female | D39: 29 | E39: Netherlands | F39: Dutch | G39: Graphic Design | H39: 10 | I39: 40 | J39: 2.2 | K39: N | L39: 0.67 | M39: Follow-up | N39: On Hold | O39: 10 | P39: =IF(global_freelancer_raw[[#This Row],[No of projects ]]<=5,"Entry level","Well Experienced") -> Well Experienced | Q39: 9
A40: FL250039 | B40: Melinda White | C40: Female | D40: 42 | E40: South Africa | F40: Afrikaans | G40: Mobile Apps | H40: 23 | I40: 50 | J40: 3.2 | K40: yes | L40: Not Mentioned | M40: Pending | N40: On Hold | O40: 13 | P40: =IF(global_freelancer_raw[[#This Row],[No of projects ]]<=5,"Entry level","Well Experienced") -> Well Experienced | Q40: 3
A41: FL250040 | B41: James Hernandez | C41: Male | D41: 60 | E41: Japan | F41: Japanese | G41: Web Development | H41: 13 | I41: $20 | J41: 3.6 | K41: 0 | L41: 0.8 | M41: Pending | N41: On Hold | O41: 9 | P41: =IF(global_freelancer_raw[[#This Row],[No of projects ]]<=5,"Entry level","Well Experienced") -> Well Experienced | Q41: 3
A42: FL250041 | B42: Angelica Rogers | C42: Female | D42: 59 | E42: UK | F42: English | G42: AI | H42: 3 | I42: USD 50 | J42: 0 | K42: no | L42: Not Mentioned | M42: Reviewed | N42: Active | O42: 3 | P42: =IF(global_freelancer_raw[[#This Row],[No of projects ]]<=5,"Entry level","Well Experienced") -> Entry level | Q42: 1
A43: FL250042 | B43: Savannah Williams | C43: Female | D43: 21 | E43: Canada | F43: English | G43: Web Development | H43: 0 | I43: 30 | J43: 2.7 | K43: 1 | L43: 0.84 | M43: Pending | N43: Completed | O43: 5 | P43: =IF(global_freelancer_raw[[#This Row],[No of projects ]]<=5,"Entry level","Well Experienced") -> Entry level | Q43: 1
A44: FL250043 | B44: Kaitlyn Schmidt | C44: Female | D44: 35 | E44: Germany | F44: Germany | G44: DevOps | H44: 10 | I44: $50 | J44: 0 | K44: no | L44: Not Mentioned | M44: Urgent | N44: Inactive | O44: 7 | P44: =IF(global_freelancer_raw[[#This Row],[No of projects ]]<=5,"Entry level","Well Experienced") -> Well Experienced | Q44: 6
A45: FL250044 | B45: Jason Singh | C45: Male | D45: 41 | E45: UK | F45: English | G45: Data Analysis | H45: Not Mentioned | I45: 20 | J45: 2.8 | K45: TRUE | L45: 0.63 | M45: Pending | N45: Inactive | O45: 1 | P45: =IF(global_freelancer_raw[[#This Row],[No of projects ]]<=5,"Entry level","Well Experienced") -> Entry level | Q45: 1
A46: FL250045 | B46: Michelle Ramirez | C46: Female | D46: 51 | E46: Netherlands | F46: Dutch | G46: Machine Learning | H46: 23 | I46: 20 | J46: 2.5 | K46: FALSE | L46: 0.8 | M46: Urgent | N46: On Hold | O46: 17 | P46: =IF(global_freelancer_raw[[#This Row],[No of projects ]]<=5,"Entry level","Well Experienced") -> Well Experienced | Q46: 15
A47: FL250046 | B47: James Brown | C47: Male | D47: 41 | E47: South Africa | F47: Afrikaans | G47: Web Development | H47: 9 | I47: $75 | J47: 4.9 | K47: 1 | L47: 0.74 | M47: Urgent | N47: Inactive | O47: 13 | P47: =IF(global_freelancer_raw[[#This Row],[No of projects ]]<=5,"Entry level","Well Experienced") -> Well Experienced | Q47: 8
A48: FL250047 | B48: Mrs. Samantha Simmons | C48: Female | D48: 47 | E48: Egypt | F48: Arabic | G48: DevOps | H48: 15 | I48: USD 30 | J48: 4.5 | K48: 1 | L48: 0.85 | M48: Urgent | N48: Inactive | O48: 12 | P48: =IF(global_freelancer_raw[[#This Row],[No of projects ]]<=5,"Entry level","Well Experienced") -> Well Experienced | Q48: 4
A49: FL250048 | B49: Chase Mason | C49: Male | D49: 25 | E49: China | F49: Mandarin | G49: Graphic Design | H49: 4 | I49: 50 | J49: 2.7 | K49: N | L49: 0.77 | M49: Follow-up | N49: Completed | O49: 4 | P49: =IF(global_freelancer_raw[[#This Row],[No of projects ]]<=5,"Entry level","Well Experienced") -> Entry level | Q49: 3
A50: FL250049 | B50: Dominique Ward | C50: Female | D50: 25 | E50: Mexico | F50: Spanish | G50: Mobile Apps | H50: 7 | I50: 20 | J50: 1.9 | K50: 0 | L50: Not Mentioned | M50: Reviewed | N50: On Hold | O50: 12 | P50: =IF(global_freelancer_raw[[#This Row],[No of projects ]]<=5,"Entry level","Well Experienced") -> Well Experienced | Q50: 10
A51: FL250050 | B51: Lance Griffin | C51: Male | D51: 29 | E51: Not Mentioned | F51: Dutch | G51: UI/UX Design | H51: 1 | I51: 20 | J51: 1.4 | K51: 1 | L51: 0.63 | M51: Urgent | N51: Completed | O51: 2 | P51: =IF(global_freelancer_raw[[#This Row],[No of projects ]]<=5,"Entry level","Well Experienced") -> Entry level | Q51: 1
A52: FL250051 | B52: Julie Burgess | C52: Female | D52: 23 | E52: Argentina | F52: Spanish | G52: Cybersecurity | H52: 0 | I52: 75 | J52: 1.9 | K52: TRUE | L52: 0.79 | M52: Urgent | N52: Active | O52: 2 | P52: =IF(global_freelancer_raw[[#This Row],[No of projects ]]<=5,"Entry level","Well Experienced") -> Entry level | Q52: 5
A53: FL250052 | B53: Don Scott | C53: Male | D53: 31 | E53: France | F53: French | G53: Data Analysis | H53: 8 | I53: 50 | J53: 3.4 | K53: 0 | L53: Not Mentioned | M53: Follow-up | N53: Active | O53: 11 | P53: =IF(global_freelancer_raw[[#This Row],[No of projects ]]<=5,"Entry level","Well Experienced") -> Well Experienced | Q53: 3
A54: FL250053 | B54: Kyle Atkinson | C54: Male | D54: 51 | E54: Germany | F54: Germany | G54: Machine Learning | H54: 33 | I54: 75 | J54: 3.3 | K54: Not Mentioned | L54: 0.68 | M54: Urgent | N54: Active | O54: 17 | P54: =IF(global_freelancer_raw[[#This Row],[No of projects ]]<=5,"Entry level","Well Experienced") -> Well Experienced | Q54: 8
A55: FL250054 | B55: Jimmy Hogan | C55: Male | D55: Not given | E55: Spain | F55: Spanish | G55: UI/UX Design | H55: 1 | I55: 30 | J55: 0 | K55: 0 | L55: 0.68 | M55: Pending | N55: On Hold | O55: 1 | P55: =IF(global_freelancer_raw[[#This Row],[No of projects ]]<=5,"Entry level","Well Experienced") -> Entry level | Q55: 2
A56: FL250055 | B56: Jennifer Mcintyre | C56: Female | D56: 29 | E56: Turkey | F56: Turkish | G56: Cybersecurity | H56: 11 | I56: 100 | J56: 2.3 | K56: TRUE | L56: 0.72 | M56: Pending | N56: Inactive | O56: 7 | P56: =IF(global_freelancer_raw[[#This Row],[No of projects ]]<=5,"Entry level","Well Experienced") -> Well Experienced | Q56: 7
A57: FL250056 | B57: Larry Simpson | C57: Male | D57: 50 | E57: UK | F57: English | G57: AI | H57: 15 | I57: Not given | J57: 2 | K57: yes | L57: 0.65 | M57: Reviewed | N57: On Hold | O57: 7 | P57: =IF(global_freelancer_raw[[#This Row],[No of projects ]]<=5,"Entry level","Well Experienced") -> Well Experienced | Q57: 7
A58: FL250057 | B58: Laura Price | C58: Female | D58: 26 | E58: UK | F58: English | G58: DevOps | H58: 8 | I58: 50 | J58: 1.3 | K58: FALSE | L58: 0.76 | M58: Urgent | N58: On Hold | O58: 7 | P58: =IF(global_freelancer_raw[[#This Row],[No of projects ]]<=5,"Entry level","Well Experienced") -> Well Experienced | Q58: 5
A59: FL250058 | B59: Mark Wright | C59: Male | D59: 38 | E59: Canada | F59: English | G59: AI | H59: 17 | I59: USD 40 | J59: 4 | K59: TRUE | L59: 0.9 | M59: Follow-up | N59: Inactive | O59: 16 | P59: =IF(global_freelancer_raw[[#This Row],[No of projects ]]<=5,"Entry level","Well Experienced") -> Well Experienced | Q59: 11
A60: FL250059 | B60: Samantha Mcdaniel | C60: Female | D60: 23 | E60: India | F60: Hindi | G60: Mobile Apps | H60: Not Mentioned | I60: 75 | J60: 3.6 | K60: 1 | L60: 0.65 | M60: Pending | N60: Completed | O60: 2 | P60: =IF(global_freelancer_raw[[#This Row],[No of projects ]]<=5,"Entry level","Well Experienced") -> Entry level | Q60: 4
A61: FL250060 | B61: Barbara Foster | C61: Female | D61: 51 | E61: South Africa | F61: Afrikaans | G61: DevOps | H61: 28 | I61: 40 | J61: 3.9 | K61: 0 | L61: 0.63 | M61: Follow-up | N61: Active | O61: 13 | P61: =IF(global_freelancer_raw[[#This Row],[No of projects ]]<=5,"Entry level","Well Experienced") -> Well Experienced | Q61: 6
A62: FL250061 | B62: Courtney Tran | C62: Female | D62: 51 | E62: Indonesia | F62: Indonesian | G62: AI | H62: 33 | I62: $75 | J62: 0 | K62: TRUE | L62: Not Mentioned | M62: Follow-up | N62: Completed | O62: 14 | P62: =IF(global_freelancer_raw[[#This Row],[No of projects ]]<=5,"Entry level","Well Experienced") -> Well Experienced | Q62: 8
A63: FL250062 | B63: Eddie Todd | C63: Male | D63: 47 | E63: Germany | F63: Germany | G63: AI | H63: 18 | I63: 75 | J63: 0 | K63: 0 | L63: Not Mentioned | M63: Pending | N63: Active | O63: 11 | P63: =IF(global_freelancer_raw[[#This Row],[No of projects ]]<=5,"Entry level","Well Experienced") -> Well Experienced | Q63: 8
A64: FL250063 | B64: Christine Johnson | C64: Female | D64: 34 | E64: Russia | F64: Russian | G64: UI/UX Design | H64: 16 | I64: $20 | J64: 2.3 | K64: yes | L64: 0.93 | M64: Follow-up | N64: On Hold | O64: 15 | P64: =IF(global_freelancer_raw[[#This Row],[No of projects ]]<=5,"Entry level","Well Experienced") -> Well Experienced | Q64: 5
A65: FL250064 | B65: Leah Phelps | C65: Female | D65: 58 | E65: Indonesia | F65: Indonesian | G65: Data Analysis | H65: 35 | I65: USD 50 | J65: 4.7 | K65: no | L65: 0.7 | M65: Pending | N65: Active | O65: 17 | P65: =IF(global_freelancer_raw[[#This Row],[No of projects ]]<=5,"Entry level","Well Experienced") -> Well Experienced | Q65: 13
A66: FL250065 | B66: Rebekah Williams | C66: Female | D66: 50 | E66: Russia | F66: Russian | G66: AI | H66: 14 | I66: Not given | J66: 3.5 | K66: Y | L66: 0.83 | M66: Follow-up | N66: On Hold | O66: 13 | P66: =IF(global_freelancer_raw[[#This Row],[No of projects ]]<=5,"Entry level","Well Experienced") -> Well Experienced | Q66: 8
A67: FL250066 | B67: Crystal Wilson | C67: Female | D67: 34 | E67: Spain | F67: Spanish | G67: Web Development | H67: 12 | I67: 40 | J67: 2.4 | K67: 1 | L67: 64 | M67: Pending | N67: Completed | O67: 14 | P67: =IF(global_freelancer_raw[[#This Row],[No of projects ]]<=5,"Entry level","Well Experienced") -> Well Experienced | Q67: 12
A68: FL250067 | B68: Ashley Cordova | C68: Female | D68: 45 | E68: Brazil | F68: Portuguese | G68: AI | H68: 11 | I68: USD 75 | J68: 4 | K68: N | L68: 1 | M68: Urgent | N68: On Hold | O68: 9 | P68: =IF(global_freelancer_raw[[#This Row],[No of projects ]]<=5,"Entry level","Well Experienced") -> Well Experienced | Q68: 2
A69: FL250068 | B69: Vicki Kelly | C69: Female | D69: 55 | E69: Brazil | F69: Portuguese | G69: Web Development | H69: 0 | I69: $40 | J69: 0 | K69: TRUE | L69: Not Mentioned | M69: Reviewed | N69: Completed | O69: 5 | P69: =IF(global_freelancer_raw[[#This Row],[No of projects ]]<=5,"Entry level","Well Experienced") -> Entry level | Q69: 5
A70: FL250069 | B70: Corey Warren | C70: Male | D70: Not given | E70: Argentina | F70: Spanish | G70: UI/UX Design | H70: 6 | I70: 100 | J70: 1.5 | K70: FALSE | L70: Not Mentioned | M70: Pending | N70: Inactive | O70: 8 | P70: =IF(global_freelancer_raw[[#This Row],[No of projects ]]<=5,"Entry level","Well Experienced") -> Well Experienced | Q70: 2
A71: FL250070 | B71: Gina Thompson | C71: Female | D71: 60 | E71: China | F71: Mandarin | G71: UI/UX Design | H71: 38 | I71: $20 | J71: 2 | K71: no | L71: 0.71 | M71: Pending | N71: Inactive | O71: 19 | P71: =IF(global_freelancer_raw[[#This Row],[No of projects ]]<=5,"Entry level","Well Experienced") -> Well Experienced | Q71: 7
A72: FL250071 | B72: Yvonne Berg | C72: Female | D72: 33 | E72: South Africa | F72: Afrikaans | G72: Mobile Apps | H72: 11 | I72: Not given | J72: Not Mentioned | K72: yes | L72: 0.84 | M72: Reviewed | N72: Inactive | O72: 6 | P72: =IF(global_freelancer_raw[[#This Row],[No of projects ]]<=5,"Entry level","Well Experienced") -> Well Experienced | Q72: 3
A73: FL250072 | B73: Thomas Miller | C73: Male | D73: 60 | E73: Italy | F73: Italian | G73: DevOps | H73: 13 | I73: USD 50 | J73: 1 | K73: FALSE | L73: Not Mentioned | M73: Pending | N73: On Hold | O73: 15 | P73: =IF(global_freelancer_raw[[#This Row],[No of projects ]]<=5,"Entry level","Well Experienced") -> Well Experienced | Q73: 1
A74: FL250073 | B74: Nicholas Burton | C74: Male | D74: 40 | E74: US | F74: English | G74: Web Development | H74: 9 | I74: $100 | J74: 4.5 | K74: yes | L74: 0.69 | M74: Pending | N74: Inactive | O74: 11 | P74: =IF(global_freelancer_raw[[#This Row],[No of projects ]]<=5,"Entry level","Well Experienced") -> Well Experienced | Q74: 10
A75: FL250074 | B75: Jorge Riley | C75: Male | D75: 59 | E75: Australia | F75: English | G75: Blockchain Development | H75: 4 | I75: Not given | J75: 1.9 | K75: FALSE | L75: 88 | M75: Follow-up | N75: Active | O75: 5 | P75: =IF(global_freelancer_raw[[#This Row],[No of projects ]]<=5,"Entry level","Well Experienced") -> Entry level | Q75: 1
A76: FL250075 | B76: Melvin Harris | C76: Male | D76: 36 | E76: Not Mentioned | F76: Italian | G76: Machine Learning | H76: 14 | I76: $100 | J76: 3.7 | K76: 0 | L76: Not Mentioned | M76: Reviewed | N76: Completed | O76: 9 | P76: =IF(global_freelancer_raw[[#This Row],[No of projects ]]<=5,"Entry level","Well Experienced") -> Well Experienced | Q76: 5
A77: FL250076 | B77: Jeremy Meyer | C77: Male | D77: 32 | E77: India | F77: Hindi | G77: Data Analysis | H77: Not Mentioned | I77: 30 | J77: 1.9 | K77: TRUE | L77: 0.96 | M77: Urgent | N77: Completed | O77: 2 | P77: =IF(global_freelancer_raw[[#This Row],[No of projects ]]<=5,"Entry level","Well Experienced") -> Entry level | Q77: 2
A78: FL250077 | B78: Timothy Lee | C78: Male | D78: 59 | E78: Australia | F78: English | G78: AI | H78: 9 | I78: USD 75 | J78: 4 | K78: 1 | L78: 96 | M78: Pending | N78: Active | O78: 14 | P78: =IF(global_freelancer_raw[[#This Row],[No of projects ]]<=5,"Entry level","Well Experienced") -> Well Experienced | Q78: 5
A79: FL250078 | B79: Diana Bautista | C79: Female | D79: 54 | E79: Spain | F79: Spanish | G79: DevOps | H79: 32 | I79: USD 40 | J79: 1.8 | K79: N | L79: Not Mentioned | M79: Reviewed | N79: On Hold | O79: 10 | P79: =IF(global_freelancer_raw[[#This Row],[No of projects ]]<=5,"Entry level","Well Experienced") -> Well Experienced | Q79: 7
A80: FL250079 | B80: Leslie Rodriguez | C80: Female | D80: 37 | E80: Canada | F80: English | G80: Graphic Design | H80: 9 | I80: Not given | J80: 0 | K80: 1 | L80: 0.89 | M80: Follow-up | N80: On Hold | O80: 14 | P80: =IF(global_freelancer_raw[[#This Row],[No of projects ]]<=5,"Entry level","Well Experienced") -> Well Experienced | Q80: 6
A81: FL250080 | B81: Noah Wiggins | C81: Male | D81: 54 | E81: India | F81: Hindi | G81: Machine Learning | H81: 21 | I81: $100 | J81: 4.6 | K81: FALSE | L81: Not Mentioned | M81: Urgent | N81: Completed | O81: 20 | P81: =IF(global_freelancer_raw[[#This Row],[No of projects ]]<=5,"Entry level","Well Experienced") -> Well Experienced | Q81: 3
A82: FL250081 | B82: Bridget Williams | C82: Female | D82: 33 | E82: Argentina | F82: Spanish | G82: UI/UX Design | H82: 12 | I82: 100 | J82: 3.6 | K82: 0 | L82: 0.63 | M82: Reviewed | N82: Inactive | O82: 10 | P82: =IF(global_freelancer_raw[[#This Row],[No of projects ]]<=5,"Entry level","Well Experienced") -> Well Experienced | Q82: 2
A83: FL250082 | B83: Veronica Baker | C83: Female | D83: 25 | E83: Egypt | F83: Arabic | G83: Web Development | H83: 7 | I83: USD 40 | J83: 4.4 | K83: Not Mentioned | L83: 81 | M83: Urgent | N83: On Hold | O83: 11 | P83: =IF(global_freelancer_raw[[#This Row],[No of projects ]]<=5,"Entry level","Well Experienced") -> Well Experienced | Q83: 8
A84: FL250083 | B84: Andrew Avila | C84: Male | D84: Not given | E84: China | F84: Mandarin | G84: DevOps | H84: 3 | I84: 40 | J84: 4.6 | K84: N | L84: 0.74 | M84: Urgent | N84: On Hold | O84: 1 | P84: =IF(global_freelancer_raw[[#This Row],[No of projects ]]<=5,"Entry level","Well Experienced") -> Entry level | Q84: 1
A85: FL250084 | B85: Michael Roberson | C85: Male | D85: 35 | E85: South Korea | F85: Korean | G85: Web Development | H85: 5 | I85: $75 | J85: 3.2 | K85: FALSE | L85: 0.72 | M85: Urgent | N85: Active | O85: 2 | P85: =IF(global_freelancer_raw[[#This Row],[No of projects ]]<=5,"Entry level","Well Experienced") -> Entry level | Q85: 1
A86: FL250085 | B86: Austin Jenkins | C86: Male | D86: 59 | E86: South Korea | F86: Korean | G86: AI | H86: 30 | I86: $40 | J86: 0 | K86: TRUE | L86: Not Mentioned | M86: Pending | N86: Active | O86: 13 | P86: =IF(global_freelancer_raw[[#This Row],[No of projects ]]<=5,"Entry level","Well Experienced") -> Well Experienced | Q86: 13
A87: FL250086 | B87: Brenda Green | C87: Female | D87: 21 | E87: China | F87: Mandarin | G87: DevOps | H87: 2 | I87: 100 | J87: 2.6 | K87: Y | L87: 0.85 | M87: Pending | N87: Inactive | O87: 5 | P87: =IF(global_freelancer_raw[[#This Row],[No of projects ]]<=5,"Entry level","Well Experienced") -> Entry level | Q87: 3
A88: FL250087 | B88: Samuel Pierce | C88: Male | D88: 25 | E88: US | F88: English | G88: Mobile Apps | H88: 2 | I88: $75 | J88: 3.7 | K88: N | L88: Not Mentioned | M88: Follow-up | N88: On Hold | O88: 1 | P88: =IF(global_freelancer_raw[[#This Row],[No of projects ]]<=5,"Entry level","Well Experienced") -> Entry level | Q88: 1
A89: FL250088 | B89: Briana Smith | C89: Female | D89: 38 | E89: Mexico | F89: Spanish | G89: Web Development | H89: 19 | I89: 75 | J89: 2.3 | K89: FALSE | L89: 0.61 | M89: Follow-up | N89: On Hold | O89: 20 | P89: =IF(global_freelancer_raw[[#This Row],[No of projects ]]<=5,"Entry level","Well Experienced") -> Well Experienced | Q89: 9
A90: FL250089 | B90: Ronald Barrett | C90: Male | D90: 57 | E90: Russia | F90: Russian | G90: AI | H90: 16 | I90: 100 | J90: 3.1 | K90: FALSE | L90: Not Mentioned | M90: Reviewed | N90: Active | O90: 18 | P90: =IF(global_freelancer_raw[[#This Row],[No of projects ]]<=5,"Entry level","Well Experienced") -> Well Experienced | Q90: 4
A91: FL250090 | B91: Matthew Smith | C91: Male | D91: 32 | E91: India | F91: Hindi | G91: Mobile Apps | H91: 10 | I91: $20 | J91: 2.4 | K91: 0 | L91: 0.86 | M91: Follow-up | N91: On Hold | O91: 9 | P91: =IF(global_freelancer_raw[[#This Row],[No of projects ]]<=5,"Entry level","Well Experienced") -> Well Experienced | Q91: 3
A92: FL250091 | B92: Logan Huang | C92: Male | D92: 21 | E92: Italy | F92: Italian | G92: DevOps | H92: 2 | I92: USD 100 | J92: 1.6 | K92: yes | L92: 0.97 | M92: Urgent | N92: Completed | O92: 4 | P92: =IF(global_freelancer_raw[[#This Row],[No of projects ]]<=5,"Entry level","Well Experienced") -> Entry level | Q92: 2
A93: FL250092 | B93: Miranda Hutchinson | C93: Female | D93: 57 | E93: Canada | F93: English | G93: Cybersecurity | H93: 18 | I93: 50 | J93: 2.4 | K93: 1 | L93: 0.63 | M93: Urgent | N93: Active | O93: 11 | P93: =IF(global_freelancer_raw[[#This Row],[No of projects ]]<=5,"Entry level","Well Experienced") -> Well Experienced | Q93: 9
A94: FL250093 | B94: Paul Richardson | C94: Male | D94: 53 | E94: China | F94: Mandarin | G94: UI/UX Design | H94: 21 | I94: USD 100 | J94: Not Mentioned | K94: Y | L94: 0.97 | M94: Pending | N94: Inactive | O94: 20 | P94: =IF(global_freelancer_raw[[#This Row],[No of projects ]]<=5,"Entry level","Well Experienced") -> Well Experienced | Q94: 10
A95: FL250094 | B95: Jose Jones | C95: Male | D95: 35 | E95: Russia | F95: Russian | G95: Blockchain Development | H95: 3 | I95: USD 30 | J95: 3.8 | K95: yes | L95: 0.81 | M95: Urgent | N95: Active | O95: 3 | P95: =IF(global_freelancer_raw[[#This Row],[No of projects ]]<=5,"Entry level","Well Experienced") -> Entry level | Q95: 2
A96: FL250095 | B96: Denise Smith | C96: Female | D96: 54 | E96: China | F96: Mandarin | G96: Machine Learning | H96: 17 | I96: 20 | J96: 1.7 | K96: 0 | L96: 0.69 | M96: Reviewed | N96: On Hold | O96: 17 | P96: =IF(global_freelancer_raw[[#This Row],[No of projects ]]<=5,"Entry level","Well Experienced") -> Well Experienced | Q96: 15
A97: FL250096 | B97: Shelby Mcmahon | C97: Female | D97: 36 | E97: Italy | F97: Italian | G97: UI/UX Design | H97: 0 | I97: 20 | J97: 1.3 | K97: Y | L97: 0.64 | M97: Urgent | N97: Inactive | O97: 2 | P97: =IF(global_freelancer_raw[[#This Row],[No of projects ]]<=5,"Entry level","Well Experienced") -> Entry level | Q97: 2
A98: FL250097 | B98: Bethany Wright | C98: Female | D98: 49 | E98: Spain | F98: Spanish | G98: Cybersecurity | H98: 25 | I98: 50 | J98: 5 | K98: N | L98: 0.77 | M98: Urgent | N98: Active | O98: 14 | P98: =IF(global_freelancer_raw[[#This Row],[No of projects ]]<=5,"Entry level","Well Experienced") -> Well Experienced | Q98: 8
A99: FL250098 | B99: David Ortiz | C99: Male | D99: 37 | E99: US | F99: English | G99: Blockchain Development | H99: 17 | I99: 20 | J99: 3.3 | K99: 0 | L99: 96 | M99: Reviewed | N99: Completed | O99: 20 | P99: =IF(global_freelancer_raw[[#This Row],[No of projects ]]<=5,"Entry level","Well Experienced") -> Well Experienced | Q99: 11
A100: FL250099 | B100: Andrew Lynch | C100: Male | D100: Not given | E100: US | F100: English | G100: UI/UX Design | H100: 5 | I100: $20 | J100: 1.1 | K100: no | L100: 0.74 | M100: Follow-up | N100: Completed | O100: 2 | P100: =IF(global_freelancer_raw[[#This Row],[No of projects ]]<=5,"Entry level","Well Experienced") -> Entry level | Q100: 1
...

Sheet Day 1 - Observation
A1: Observation
A2: 1 | B2: The dataset has 16 columns and 1000 rows
A3: 2 | B3: In this dataset a global freelancers who provides specialized services to clients worldwide on a project by project details are there.
A4: 3 | B4: And I have found some missing values and inconsistent data.
A5: 4 | B5: Here they are from 21 countries
A6: 5 | B6: I can see 10 different kinds of skills ,different years of experience,no of projects they have done.
A7: 6 | B7: Dataset holds numeric and non numeric data.
A8: 7 | B8: We need to structure the data for analysis so data cleaning is required before that.

Sheet Day 2-Data Entry & Formatting
A1: Data Entry & Formatting
A2: click here
A3: I have seen missing values in some columns and replaced by not mentioned and not given.
A4: Makes changes in the dataset in proper format:Bold,color and the alignment.
A5: Now the data looks clean and readable.

Sheet Day 3 – Basic Excel Formulas (P
A1: SUM(), AVERAGE(),MIN(), MAX(), COUNT() | B1: No of projects
A2: Total | B2: =SUM(global_freelancer_raw[[No of projects ]]) -> 8715
A3: Average | B3: =AVERAGE(global_freelancer_raw[[No of projects ]]) -> 8.715
A4: Min | B4: =MIN(global_freelancer_raw[[No of projects ]]) -> 1
A5: Max | B5: =MAX(global_freelancer_raw[[No of projects ]]) -> 20
A6: Count | B6: =COUNT(global_freelancer_raw[[No of projects ]]) -> 1000

Sheet Day 4 – Basic Excel Formulas (P
A1: IF(), SUMIF(), COUNTIF(), AVERAGEIF()
B2: No of projects of Data Analysis
A3: Sumif | B3: =SUMIF('global_freelancer Cleaned data'!G:G,"data analysis",'global_freelancer Cleaned data'!O:O) -> 810
B5: No of projects >10
A6: Countif | B6: =COUNTIF('global_freelancer Cleaned data'!O:O,">10") -> 404
B8: No of projects of AI
A9: Averageif | B9: =AVERAGEIF('global_freelancer Cleaned data'!G:G,"AI",'global_freelancer Cleaned data'!O:O) -> 7.96
A12: IF | B12: CLICK HERE

Sheet Day 5 – Text Functions
A1: Freelancer ID | B1: Name | C1: UPPER | D1: LOWER | E1: PROPER | F1: LEFT | G1: RIGHT | H1: MIDDLE
A2: FL250001 | B2: Ms. Nicole Kidd | C2: =UPPER(B2) -> MS. NICOLE KIDD | D2: =LOWER(B2) -> ms. nicole kidd | E2: =PROPER(C2) -> Ms. Nicole Kidd | F2: =LEFT(A2,2) -> FL | G2: =RIGHT(A2,2) -> 01 | H2: =MID(A2,3,4) -> 2500
A3: FL250002 | B3: Vanessa Garcia | C3: =UPPER(B3) -> VANESSA GARCIA | D3: =LOWER(B3) -> vanessa garcia | E3: =PROPER(C3) -> Vanessa Garcia | F3: =LEFT(A3,2) -> FL | G3: =RIGHT(A3,2) -> 02 | H3: =MID(A3,3,4) -> 2500
A4: FL250003 | B4: Juan Nelson | C4: =UPPER(B4) -> JUAN NELSON | D4: =LOWER(B4) -> juan nelson | E4: =PROPER(C4) -> Juan Nelson | F4: =LEFT(A4,2) -> FL | G4: =RIGHT(A4,2) -> 03 | H4: =MID(A4,3,4) -> 2500
A5: FL250004 | B5: Amanda Spencer | C5: =UPPER(B5) -> AMANDA SPENCER | D5: =LOWER(B5) -> amanda spencer | E5: =PROPER(C5) -> Amanda Spencer | F5: =LEFT(A5,2) -> FL | G5: =RIGHT(A5,2) -> 04 | H5: =MID(A5,3,4) -> 2500
A6: FL250005 | B6: Lynn Curtis DDS | C6: =UPPER(B6) -> LYNN CURTIS DDS | D6: =LOWER(B6) -> lynn curtis dds | E6: =PROPER(C6) -> Lynn Curtis Dds | F6: =LEFT(A6,2) -> FL | G6: =RIGHT(A6,2) -> 05 | H6: =MID(A6,3,4) -> 2500
A7: FL250006 | B7: Lisa Johnson | C7: =UPPER(B7) -> LISA JOHNSON | D7: =LOWER(B7) -> lisa johnson | E7: =PROPER(C7) -> Lisa Johnson | F7: =LEFT(A7,2) -> FL | G7: =RIGHT(A7,2) -> 06 | H7: =MID(A7,3,4) -> 2500
A8: FL250007 | B8: Eric Myers | C8: =UPPER(B8) -> ERIC MYERS | D8: =LOWER(B8) -> eric myers | E8: =PROPER(C8) -> Eric Myers | F8: =LEFT(A8,2) -> FL | G8: =RIGHT(A8,2) -> 07 | H8: =MID(A8,3,4) -> 2500 | K8: UPPER | L8: CLICK HERE
A9: FL250008 | B9: Ricky Graham | C9: =UPPER(B9) -> RICKY GRAHAM | D9: =LOWER(B9) -> ricky graham | E9: =PROPER(C9) -> Ricky Graham | F9: =LEFT(A9,2) -> FL | G9: =RIGHT(A9,2) -> 08 | H9: =MID(A9,3,4) -> 2500 | K9: LOWER | L9: CLICK HERE
A10: FL250009 | B10: Sean Martin | C10: =UPPER(B10) -> SEAN MARTIN | D10: =LOWER(B10) -> sean martin | E10: =PROPER(C10) -> Sean Martin | F10: =LEFT(A10,2) -> FL | G10: =RIGHT(A10,2) -> 09 | H10: =MID(A10,3,4) -> 2500 | K10: PROPER | L10: CLICK HERE
A11: FL250010 | B11: Matthew Lloyd | C11: =UPPER(B11) -> MATTHEW LLOYD | D11: =LOWER(B11) -> matthew lloyd | E11: =PROPER(C11) -> Matthew Lloyd | F11: =LEFT(A11,2) -> FL | G11: =RIGHT(A11,2) -> 10 | H11: =MID(A11,3,4) -> 2500 | K11: LEFT | L11: CLICK HERE
A12: FL250011 | B12: Gavin Randall | C12: =UPPER(B12) -> GAVIN RANDALL | D12: =LOWER(B12) -> gavin randall | E12: =PROPER(C12) -> Gavin Randall | F12: =LEFT(A12,2) -> FL | G12: =RIGHT(A12,2) -> 11 | H12: =MID(A12,3,4) -> 2500 | K12: RIGHT | L12: CLICK HERE
A13: FL250012 | B13: Michelle Curtis | C13: =UPPER(B13) -> MICHELLE CURTIS | D13: =LOWER(B13) -> michelle curtis | E13: =PROPER(C13) -> Michelle Curtis | F13: =LEFT(A13,2) -> FL | G13: =RIGHT(A13,2) -> 12 | H13: =MID(A13,3,4) -> 2500 | K13: MIDDLE | L13: CLICK HERE
A14: FL250013 | B14: Alice Schneider | C14: =UPPER(B14) -> ALICE SCHNEIDER | D14: =LOWER(B14) -> alice schneider | E14: =PROPER(C14) -> Alice Schneider | F14: =LEFT(A14,2) -> FL | G14: =RIGHT(A14,2) -> 13 | H14: =MID(A14,3,4) -> 2500
A15: FL250014 | B15: Phillip Shelton | C15: =UPPER(B15) -> PHILLIP SHELTON | D15: =LOWER(B15) -> phillip shelton | E15: =PROPER(C15) -> Phillip Shelton | F15: =LEFT(A15,2) -> FL | G15: =RIGHT(A15,2) -> 14 | H15: =MID(A15,3,4) -> 2500
A16: FL250015 | B16: Edward Ferguson | C16: =UPPER(B16) -> EDWARD FERGUSON | D16: =LOWER(B16) -> edward ferguson | E16: =PROPER(C16) -> Edward Ferguson | F16: =LEFT(A16,2) -> FL | G16: =RIGHT(A16,2) -> 15 | H16: =MID(A16,3,4) -> 2500
A17: FL250016 | B17: Wyatt Stout | C17: =UPPER(B17) -> WYATT STOUT | D17: =LOWER(B17) -> wyatt stout | E17: =PROPER(C17) -> Wyatt Stout | F17: =LEFT(A17,2) -> FL | G17: =RIGHT(A17,2) -> 16 | H17: =MID(A17,3,4) -> 2500
A18: FL250017 | B18: Laura Johnson | C18: =UPPER(B18) -> LAURA JOHNSON | D18: =LOWER(B18) -> laura johnson | E18: =PROPER(C18) -> Laura Johnson | F18: =LEFT(A18,2) -> FL | G18: =RIGHT(A18,2) -> 17 | H18: =MID(A18,3,4) -> 2500
A19: FL250018 | B19: Scott Burns | C19: =UPPER(B19) -> SCOTT BURNS | D19: =LOWER(B19) -> scott burns | E19: =PROPER(C19) -> Scott Burns | F19: =LEFT(A19,2) -> FL | G19: =RIGHT(A19,2) -> 18 | H19: =MID(A19,3,4) -> 2500
A20: FL250019 | B20: Tyler Aguirre | C20: =UPPER(B20) -> TYLER AGUIRRE | D20: =LOWER(B20) -> tyler aguirre | E20: =PROPER(C20) -> Tyler Aguirre | F20: =LEFT(A20,2) -> FL | G20: =RIGHT(A20,2) -> 19 | H20: =MID(A20,3,4) -> 2500
A21: FL250020 | B21: Matthew Lawson | C21: =UPPER(B21) -> MATTHEW LAWSON | D21: =LOWER(B21) -> matthew lawson | E21: =PROPER(C21) -> Matthew Lawson | F21: =LEFT(A21,2) -> FL | G21: =RIGHT(A21,2) -> 20 | H21: =MID(A21,3,4) -> 2500
A22: FL250021 | B22: James Cherry | C22: =UPPER(B22) -> JAMES CHERRY | D22: =LOWER(B22) -> james cherry | E22: =PROPER(C22) -> James Cherry | F22: =LEFT(A22,2) -> FL | G22: =RIGHT(A22,2) -> 21 | H22: =MID(A22,3,4) -> 2500
A23: FL250022 | B23: Samuel Sanford | C23: =UPPER(B23) -> SAMUEL SANFORD | D23: =LOWER(B23) -> samuel sanford | E23: =PROPER(C23) -> Samuel Sanford | F23: =LEFT(A23,2) -> FL | G23: =RIGHT(A23,2) -> 22 | H23: =MID(A23,3,4) -> 2500
A24: FL250023 | B24: Cesar Greene | C24: =UPPER(B24) -> CESAR GREENE | D24: =LOWER(B24) -> cesar greene | E24: =PROPER(C24) -> Cesar Greene | F24: =LEFT(A24,2) -> FL | G24: =RIGHT(A24,2) -> 23 | H24: =MID(A24,3,4) -> 2500
A25: FL250024 | B25: Melanie Carter | C25: =UPPER(B25) -> MELANIE CARTER | D25: =LOWER(B25) -> melanie carter | E25: =PROPER(C25) -> Melanie Carter | F25: =LEFT(A25,2) -> FL | G25: =RIGHT(A25,2) -> 24 | H25: =MID(A25,3,4) -> 2500
... A1001: FL251000 | B1001: Dawn Green | C1001: =UPPER(B1001) -> DAWN GREEN | D1001: =LOWER(B1001) -> dawn green | E1001: =PROPER(C1001) -> Dawn Green | F1001: =LEFT(A1001,2) -> FL | G1001: =RIGHT(A1001,2) -> 00 | H1001: =MID(A1001,3,4) -> 2510

Sheet Day 6 – Data Validation & Clean
A1: freelancer_ID | B1: name | C1: gender | D1: Gender_ | E1: age | F1: Age_ | G1: country | H1: Country_ | I1: primary_skill | J1: Primary_skill_ | K1: years_of_experience | L1: Years_of_Experience_ | M1: hourly_rate (USD) | N1: Hourly_rate (USD)_ | O1: rating | P1: Rating_ | Q1: is_active | R1: Is_active_ | S1: client_satisfaction | T1: Client Satisfaction_
A2: FL250001 | B2: Ms. Nicole Kidd | C2: f | D2: Female | E2: 52 | F2: 52 | G2: Italy | H2: Italy | I2: Blockchain Development | J2: Blockchain Development | K2: 11 | L2: 11 | M2: 100 | N2: 100 | P2: Not Mentioned | Q2: 0 | R2: 0 | T2: Not Mentioned
A3: FL250002 | B3: Vanessa Garcia | C3: FEMALE | D3: Female | E3: 52 | F3: 52 | G3: Australia | H3: Australia | I3: Mobile Apps | J3: Mobile Apps | K3: 34 | L3: 34 | M3: USD 100 | N3: USD 100 | O3: 3.3 | P3: 3.3 | Q3: 1 | R3: 1 | S3: 0.84 | T3: 0.84
A4: FL250003 | B4: Juan Nelson | C4: male | D4: Male | E4: 53 | F4: 53 | G4: Germany | H4: Germany | I4: Graphic Design | J4: Graphic Design | K4: 31 | L4: 31 | M4: 50 | N4: 50 | O4: 0 | P4: 0 | Q4: N | R4: N | S4: 0.71 | T4: 0.71
A5: FL250004 | B5: Amanda Spencer | C5: F | D5: Female | E5: 38 | F5: 38 | G5: Australia | H5: Australia | I5: Web Development | J5: Web Development | K5: 4 | L5: 4 | M5: $40 | N5: $40 | O5: 1.5 | P5: 1.5 | Q5: N | R5: N | S5: 0.9 | T5: 0.9
A6: FL250005 | B6: Lynn Curtis DDS | C6: female | D6: Female | E6: 53 | F6: 53 | G6: Germany | H6: Germany | J6: Not Mentioned | K6: 27 | L6: 27 | M6: 30 | N6: 30 | O6: 4.8 | P6: 4.8 | Q6: 0 | R6: 0 | S6: 0.83 | T6: 0.83
A7: FL250006 | B7: Lisa Johnson | C7: female | D7: Female | E7: 59 | F7: 59 | G7: Netherlands | H7: Netherlands | I7: AI | J7: AI | K7: 14 | L7: 14 | M7: $30 | N7: $30 | O7: 2.4 | P7: 2.4 | Q7: FALSE | R7: FALSE | T7: Not Mentioned
A8: FL250007 | B8: Eric Myers | C8: m | D8: Male | E8: 52 | F8: 52 | G8: Indonesia | H8: Indonesia | I8: Data Analysis | J8: Data Analysis | K8: 10 | L8: 10 | M8: USD 75 | N8: USD 75 | O8: 3.1 | P8: 3.1 | Q8: 0 | R8: 0 | S8: 0.94 | T8: 0.94
A9: FL250008 | B9: Ricky Graham | C9: male | D9: Male | E9: 43 | F9: 43 | G9: Italy | H9: Italy | I9: Blockchain Development | J9: Blockchain Development | K9: 14 | L9: 14 | M9: USD 40 | N9: USD 40 | O9: 4.6 | P9: 4.6 | Q9: FALSE | R9: FALSE | S9: 0.94 | T9: 0.94
A10: FL250009 | B10: Sean Martin | C10: male | D10: Male | E10: 26 | F10: 26 | G10: US | H10: US | I10: Blockchain Development | J10: Blockchain Development | K10: 4 | L10: 4 | N10: Not given | O10: 4 | P10: 4 | Q10: TRUE | R10: TRUE | S10: 0.76 | T10: 0.76
A11: FL250010 | B11: Matthew Lloyd | C11: MALE | D11: Male | E11: 52 | F11: 52 | G11: Turkey | H11: Turkey | I11: AI | J11: AI | K11: 22 | L11: 22 | M11: $50 | N11: $50 | P11: Not Mentioned | Q11: 1 | R11: 1 | T11: Not Mentioned
A12: FL250011 | B12: Gavin Randall | C12: m | D12: Male | E12: 40 | F12: 40 | G12: UK | H12: UK | I12: Data Analysis | J12: Data Analysis | K12: 17 | L12: 17 | M12: 40 | N12: 40 | O12: 3.6 | P12: 3.6 | Q12: yes | R12: yes | S12: 0.77 | T12: 0.77
A13: FL250012 | B13: Michelle Curtis | C13: FEMALE | D13: Female | E13: 55 | F13: 55 | G13: Argentina | H13: Argentina | I13: UI/UX Design | J13: UI/UX Design | K13: 15 | L13: 15 | N13: Not given | P13: Not Mentioned | Q13: Y | R13: Y | S13: 0.86 | T13: 0.86
A14: FL250013 | B14: Alice Schneider | C14: Female | D14: Female | E14: 57 | F14: 57 | G14: UK | H14: UK | I14: Cybersecurity | J14: Cybersecurity | K14: 18 | L14: 18 | N14: Not given | O14: 2 | P14: 2 | Q14: 0 | R14: 0 | S14: 0.86 | T14: 0.86
A15: FL250014 | B15: Phillip Shelton | C15: MALE | D15: Male | E15: 38 | F15: 38 | H15: Not Mentioned | I15: Graphic Design | J15: Graphic Design | K15: 20 | L15: 20 | M15: USD 75 | N15: USD 75 | O15: 2.9 | P15: 2.9 | Q15: 1 | R15: 1 | S15: 0.93 | T15: 0.93
A16: FL250015 | B16: Edward Ferguson | C16: MALE | D16: Male | E16: 50 | F16: 50 | G16: Germany | H16: Germany | I16: Data Analysis | J16: Data Analysis | K16: 22 | L16: 22 | M16: 75 | N16: 75 | O16: 3.7 | P16: 3.7 | Q16: 1 | R16: 1 | S16: 0.7 | T16: 0.7
A17: FL250016 | B17: Wyatt Stout | C17: m | D17: Male | E17: 42 | F17: 42 | G17: Japan | H17: Japan | J17: Not Mentioned | K17: 0 | L17: 0 | M17: $30 | N17: $30 | O17: 1.2 | P17: 1.2 | Q17: 0 | R17: 0 | S17: 0.69 | T17: 0.69
A18: FL250017 | B18: Laura Johnson | C18: Female | D18: Female | E18: 39 | F18: 39 | G18: Australia | H18: Australia | I18: DevOps | J18: DevOps | K18: 13 | L18: 13 | M18: $30 | N18: $30 | O18: 2.5 | P18: 2.5 | Q18: FALSE | R18: FALSE | S18: 0.6 | T18: 0.6
A19: FL250018 | B19: Scott Burns | C19: M | D19: Male | E19: 56 | F19: 56 | G19: India | H19: India | I19: Blockchain Development | J19: Blockchain Development | L19: Not Mentioned | N19: Not given | P19: Not Mentioned | R19: Not Mentioned | S19: 0.87 | T19: 0.87
A20: FL250019 | B20: Tyler Aguirre | C20: Male | D20: Male | E20: 56 | F20: 56 | G20: US | H20: US | I20: UI/UX Design | J20: UI/UX Design | K20: 31 | L20: 31 | M20: USD 50 | N20: USD 50 | O20: 1.1 | P20: 1.1 | Q20: N | R20: N | S20: 0.75 | T20: 0.75
A21: FL250020 | B21: Matthew Lawson | C21: Male | D21: Male | E21: 57 | F21: 57 | G21: Italy | H21: Italy | I21: Web Development | J21: Web Development | K21: 3 | L21: 3 | M21: USD 100 | N21: USD 100 | O21: 1.8 | P21: 1.8 | Q21: yes | R21: yes | S21: 0.68 | T21: 0.68
A22: FL250021 | B22: James Cherry | C22: Male | D22: Male | F22: Not given | G22: Indonesia | H22: Indonesia | I22: AI | J22: AI | K22: 9 | L22: 9 | M22: 50 | N22: 50 | O22: 1.8 | P22: 1.8 | Q22: FALSE | R22: FALSE | S22: 0.65 | T22: 0.65
A23: FL250022 | B23: Samuel Sanford | C23: m | D23: Male | E23: 51 | F23: 51 | G23: Japan | H23: Japan | I23: DevOps | J23: DevOps | L23: Not Mentioned | N23: Not given | O23: 2.4 | P23: 2.4 | Q23: N | R23: N | S23: 0.69 | T23: 0.69
A24: FL250023 | B24: Cesar Greene | C24: m | D24: Male | E24: 51 | F24: 51 | G24: Brazil | H24: Brazil | I24: Cybersecurity | J24: Cybersecurity | K24: 21 | L24: 21 | M24: USD 30 | N24: USD 30 | O24: 4.7 | P24: 4.7 | Q24: N | R24: N | T24: Not Mentioned
A25: FL250024 | B25: Melanie Carter | C25: female | D25: Female | E25: 51 | F25: 51 | G25: South Korea | H25: South Korea | I25: Machine Learning | J25: Machine Learning | K25: 15 | L25: 15 | M25: $50 | N25: $50 | O25: 1.3 | P25: 1.3 | Q25: 1 | R25: 1 | S25: 1 | T25: 1
A26: FL250025 | B26: Jennifer Martin | C26: f | D26: Female | E26: 54 | F26: 54 | G26: Indonesia | H26: Indonesia | I26: Machine Learning | J26: Machine Learning | K26: 13 | L26: 13 | M26: 75 | N26: 75 | O26: 2.9 | P26: 2.9 | R26: Not Mentioned | S26: 92 | T26: 92
A27: FL250026 | B27: Anna Mccann | C27: FEMALE | D27: Female | E27: 22 | F27: 22 | G27: South Korea | H27: South Korea | I27: DevOps | J27: DevOps | K27: 0 | L27: 0 | M27: USD 30 | N27: USD 30 | O27: 1.2 | P27: 1.2 | Q27: 1 | R27: 1 | S27: 0.7 | T27: 0.7
A28: FL250027 | B28: Marissa Bass | C28: female | D28: Female | E28: 34 | F28: 34 | G28: Japan | H28: Japan | I28: Blockchain Development | J28: Blockchain Development | K28: 8 | L28: 8 | M28: $20 | N28: $20 | O28: 0 | P28: 0 | Q28: TRUE | R28: TRUE | S28: 0.89 | T28: 0.89
A29: FL250028 | B29: Alexis Day | C29: Female | D29: Female | E29: 36 | F29: 36 | G29: Russia | H29: Russia | I29: Graphic Design | J29: Graphic Design | K29: 11 | L29: 11 | N29: Not given | O29: 1.8 | P29: 1.8 | Q29: Y | R29: Y | S29: 0.86 | T29: 0.86
A30: FL250029 | B30: Megan Jones | C30: female | D30: Female | E30: 47 | F30: 47 | G30: Canada | H30: Canada | I30: AI | J30: AI | K30: 22 | L30: 22 | M30: 30 | N30: 30 | O30: 1.3 | P30: 1.3 | Q30: 0 | R30: 0 | S30: 0.62 | T30: 0.62
A31: FL250030 | B31: Lori Smith | C31: FEMALE | D31: Female | E31: 41 | F31: 41 | G31: Netherlands | H31: Netherlands | I31: Data Analysis | J31: Data Analysis | K31: 14 | L31: 14 | M31: USD 75 | N31: USD 75 | O31: 1.2 | P31: 1.2 | Q31: 0 | R31: 0 | T31: Not Mentioned
A32: FL250031 | B32: Eric Carpenter | C32: Male | D32: Male | E32: 22 | F32: 22 | G32: Netherlands | H32: Netherlands | I32: DevOps | J32: DevOps | K32: 4 | L32: 4 | N32: Not given | O32: 1 | P32: 1 | Q32: yes | R32: yes | T32: Not Mentioned
A33: FL250032 | B33: Timothy Daniels | C33: Male | D33: Male | E33: 38 | F33: 38 | G33: France | H33: France | I33: Machine Learning | J33: Machine Learning | K33: 19 | L33: 19 | M33: USD 100 | N33: USD 100 | O33: 4.2 | P33: 4.2 | Q33: N | R33: N | S33: 0.68 | T33: 0.68
A34: FL250033 | B34: Robert Nelson | C34: M | D34: Male | E34: 46 | F34: 46 | G34: Egypt | H34: Egypt | I34: AI | J34: AI | K34: 9 | L34: 9 | M34: 20 | N34: 20 | O34: 1.4 | P34: 1.4 | Q34: TRUE | R34: TRUE | S34: 0.76 | T34: 0.76
A35: FL250034 | B35: Michael Anderson | C35: male | D35: Male | F35: Not given | G35: South Korea | H35: South Korea | I35: AI | J35: AI | K35: 9 | L35: 9 | M35: 40 | N35: 40 | O35: 2.4 | P35: 2.4 | Q35: yes | R35: yes | S35: 82 | T35: 82
A36: FL250035 | B36: Jessica Snyder | C36: FEMALE | D36: Female | E36: 54 | F36: 54 | G36: US | H36: US | I36: Web Development | J36: Web Development | K36: 32 | L36: 32 | M36: 75 | N36: 75 | O36: 1 | P36: 1 | Q36: yes | R36: yes | S36: 0.81 | T36: 0.81
A37: FL250036 | B37: Emily Daniels | C37: female | D37: Female | E37: 52 | F37: 52 | G37: South Korea | H37: South Korea | J37: Not Mentioned | K37: 28 | L37: 28 | M37: $20 | N37: $20 | P37: Not Mentioned | Q37: 0 | R37: 0 | T37: Not Mentioned
A38: FL250037 | B38: Jamie Ramirez | C38: f | D38: Female | E38: 42 | F38: 42 | G38: Japan | H38: Japan | I38: Mobile Apps | J38: Mobile Apps | K38: 6 | L38: 6 | M38: 40 | N38: 40 | P38: Not Mentioned | Q38: 0 | R38: 0 | S38: 0.63 | T38: 0.63
A39: FL250038 | B39: Amy Harrison | C39: F | D39: Female | E39: 29 | F39: 29 | G39: Netherlands | H39: Netherlands | I39: Graphic Design | J39: Graphic Design | K39: 10 | L39: 10 | M39: 40 | N39: 40 | O39: 2.2 | P39: 2.2 | Q39: N | R39: N | S39: 0.67 | T39: 0.67
A40: FL250039 | B40: Melinda White | C40: F | D40: Female | E40: 42 | F40: 42 | G40: South Africa | H40: South Africa | I40: Mobile Apps | J40: Mobile Apps | K40: 23 | L40: 23 | M40: 50 | N40: 50 | O40: 3.2 | P40: 3.2 | Q40: yes | R40: yes | T40: Not Mentioned
A41: FL250040 | B41: James Hernandez | C41: Male | D41: Male | E41: 60 | F41: 60 | G41: Japan | H41: Japan | I41: Web Development | J41: Web Development | K41: 13 | L41: 13 | M41: $20 | N41: $20 | O41: 3.6 | P41: 3.6 | Q41: 0 | R41: 0 | S41: 0.8 | T41: 0.8
A42: FL250041 | B42: Angelica Rogers | C42: Female | D42: Female | E42: 59 | F42: 59 | G42: UK | H42: UK | I42: AI | J42: AI | K42: 3 | L42: 3 | M42: USD 50 | N42: USD 50 | O42: 0 | P42: 0 | Q42: no | R42: no | T42: Not Mentioned
A43: FL250042 | B43: Savannah Williams | C43: Female | D43: Female | E43: 21 | F43: 21 | G43: Canada | H43: Canada | I43: Web Development | J43: Web Development | K43: 0 | L43: 0 | M43: 30 | N43: 30 | O43: 2.7 | P43: 2.7 | Q43: 1 | R43: 1 | S43: 0.84 | T43: 0.84
A44: FL250043 | B44: Kaitlyn Schmidt | C44: Female | D44: Female | E44: 35 | F44: 35 | G44: Germany | H44: Germany | I44: DevOps | J44: DevOps | K44: 10 | L44: 10 | M44: $50 | N44: $50 | O44: 0 | P44: 0 | Q44: no | R44: no | T44: Not Mentioned
A45: FL250044 | B45: Jason Singh | C45: male | D45: Male | E45: 41 | F45: 41 | G45: UK | H45: UK | I45: Data Analysis | J45: Data Analysis | L45: Not Mentioned | M45: 20 | N45: 20 | O45: 2.8 | P45: 2.8 | Q45: TRUE | R45: TRUE | S45: 0.63 | T45: 0.63
A46: FL250045 | B46: Michelle Ramirez | C46: Female | D46: Female | E46: 51 | F46: 51 | G46: Netherlands | H46: Netherlands | I46: Machine Learning | J46: Machine Learning | K46: 23 | L46: 23 | M46: 20 | N46: 20 | O46: 2.5 | P46: 2.5 | Q46: FALSE | R46: FALSE | S46: 0.8 | T46: 0.8
A47: FL250046 | B47: James Brown | C47: male | D47: Male | E47: 41 | F47: 41 | G47: South Africa | H47: South Africa | I47: Web Development | J47: Web Development | K47: 9 | L47: 9 | M47: $75 | N47: $75 | O47: 4.9 | P47: 4.9 | Q47: 1 | R47: 1 | S47: 0.74 | T47: 0.74
A48: FL250047 | B48: Mrs. Samantha Simmons | C48: Female | D48: Female | E48: 47 | F48: 47 | G48: Egypt | H48: Egypt | I48: DevOps | J48: DevOps | K48: 15 | L48: 15 | M48: USD 30 | N48: USD 30 | O48: 4.5 | P48: 4.5 | Q48: 1 | R48: 1 | S48: 0.85 | T48: 0.85
A49: FL250048 | B49: Chase Mason | C49: male | D49: Male | E49: 25 | F49: 25 | G49: China | H49: China | I49: Graphic Design | J49: Graphic Design | K49: 4 | L49: 4 | M49: 50 | N49: 50 | O49: 2.7 | P49: 2.7 | Q49: N | R49: N | S49: 0.77 | T49: 0.77
A50: FL250049 | B50: Dominique Ward | C50: F | D50: Female | E50: 25 | F50: 25 | G50: Mexico | H50: Mexico | I50: Mobile Apps | J50: Mobile Apps | K50: 7 | L50: 7 | M50: 20 | N50: 20 | O50: 1.9 | P50: 1.9 | Q50: 0 | R50: 0 | T50: Not Mentioned
A51: FL250050 | B51: Lance Griffin | C51: m | D51: Male | E51: 29 | F51: 29 | H51: Not Mentioned | I51: UI/UX Design | J51: UI/UX Design | K51: 1 | L51: 1 | M51: 20 | N51: 20 | O51: 1.4 | P51: 1.4 | Q51: 1 | R51: 1 | S51: 0.63 | T51: 0.63
A52: FL250051 | B52: Julie Burgess | C52: FEMALE | D52: Female | E52: 23 | F52: 23 | G52: Argentina | H52: Argentina | I52: Cybersecurity | J52: Cybersecurity | K52: 0 | L52: 0 | M52: 75 | N52: 75 | O52: 1.9 | P52: 1.9 | Q52: TRUE | R52: TRUE | S52: 0.79 | T52: 0.79
A53: FL250052 | B53: Don Scott | C53: male | D53: Male | E53: 31 | F53: 31 | G53: France | H53: France | I53: Data Analysis | J53: Data Analysis | K53: 8 | L53: 8 | M53: 50 | N53: 50 | O53: 3.4 | P53: 3.4 | Q53: 0 | R53: 0 | T53: Not Mentioned
A54: FL250053 | B54: Kyle Atkinson | C54: Male | D54: Male | E54: 51 | F54: 51 | G54: Germany | H54: Germany | I54: Machine Learning | J54: Machine Learning | K54: 33 | L54: 33 | M54: 75 | N54: 75 | O54: 3.3 | P54: 3.3 | R54: Not Mentioned | S54: 0.68 | T54: 0.68
A55: FL250054 | B55: Jimmy Hogan | C55: m | D55: Male | F55: Not given | G55: Spain | H55: Spain | I55: UI/UX Design | J55: UI/UX Design | K55: 1 | L55: 1 | M55: 30 | N55: 30 | O55: 0 | P55: 0 | Q55: 0 | R55: 0 | S55: 0.68 | T55: 0.68
A56: FL250055 | B56: Jennifer Mcintyre | C56: f | D56: Female | E56: 29 | F56: 29 | G56: Turkey | H56: Turkey | I56: Cybersecurity | J56: Cybersecurity | K56: 11 | L56: 11 | M56: 100 | N56: 100 | O56: 2.3 | P56: 2.3 | Q56: TRUE | R56: TRUE | S56: 0.72 | T56: 0.72
A57: FL250056 | B57: Larry Simpson | C57: m | D57: Male | E57: 50 | F57: 50 | G57: UK | H57: UK | I57: AI | J57: AI | K57: 15 | L57: 15 | N57: Not given | O57: 2 | P57: 2 | Q57: yes | R57: yes | S57: 0.65 | T57: 0.65
A58: FL250057 | B58: Laura Price | C58: f | D58: Female | E58: 26 | F58: 26 | G58: UK | H58: UK | I58: DevOps | J58: DevOps | K58: 8 | L58: 8 | M58: 50 | N58: 50 | O58: 1.3 | P58: 1.3 | Q58: FALSE | R58: FALSE | S58: 0.76 | T58: 0.76
A59: FL250058 | B59: Mark Wright | C59: Male | D59: Male | E59: 38 | F59: 38 | G59: Canada | H59: Canada | I59: AI | J59: AI | K59: 17 | L59: 17 | M59: USD 40 | N59: USD 40 | O59: 4 | P59: 4 | Q59: TRUE | R59: TRUE | S59: 0.9 | T59: 0.9
A60: FL250059 | B60: Samantha Mcdaniel | C60: FEMALE | D60: Female | E60: 23 | F60: 23 | G60: India | H60: India | I60: Mobile Apps | J60: Mobile Apps | L60: Not Mentioned | M60: 75 | N60: 75 | O60: 3.6 | P60: 3.6 | Q60: 1 | R60: 1 | S60: 0.65 | T60: 0.65
A61: FL250060 | B61: Barbara Foster | C61: Female | D61: Female | E61: 51 | F61: 51 | G61: South Africa | H61: South Africa | I61: DevOps | J61: DevOps | K61: 28 | L61: 28 | M61: 40 | N61: 40 | O61: 3.9 | P61: 3.9 | Q61: 0 | R61: 0 | S61: 0.63 | T61: 0.63
A62: FL250061 | B62: Courtney Tran | C62: F | D62: Female | E62: 51 | F62: 51 | G62: Indonesia | H62: Indonesia | I62: AI | J62: AI | K62: 33 | L62: 33 | M62: $75 | N62: $75 | O62: 0 | P62: 0 | Q62: TRUE | R62: TRUE | T62: Not Mentioned
A63: FL250062 | B63: Eddie Todd | C63: Male | D63: Male | E63: 47 | F63: 47 | G63: Germany | H63: Germany | I63: AI | J63: AI | K63: 18 | L63: 18 | M63: 75 | N63: 75 | O63: 0 | P63: 0 | Q63: 0 | R63: 0 | T63: Not Mentioned
A64: FL250063 | B64: Christine Johnson | C64: Female | D64: Female | E64: 34 | F64: 34 | G64: Russia | H64: Russia | I64: UI/UX Design | J64: UI/UX Design | K64: 16 | L64: 16 | M64: $20 | N64: $20 | O64: 2.3 | P64: 2.3 | Q64: yes | R64: yes | S64: 0.93 | T64: 0.93
A65: FL250064 | B65: Leah Phelps | C65: f | D65: Female | E65: 58 | F65: 58 | G65: Indonesia | H65: Indonesia | I65: Data Analysis | J65: Data Analysis | K65: 35 | L65: 35 | M65: USD 50 | N65: USD 50 | O65: 4.7 | P65: 4.7 | Q65: no | R65: no | S65: 0.7 | T65: 0.7
A66: FL250065 | B66: Rebekah Williams | C66: F | D66: Female | E66: 50 | F66: 50 | G66: Russia | H66: Russia | I66: AI | J66: AI | K66: 14 | L66: 14 | N66: Not given | O66: 3.5 | P66: 3.5 | Q66: Y | R66: Y | S66: 0.83 | T66: 0.83
A67: FL250066 | B67: Crystal Wilson | C67: FEMALE | D67: Female | E67: 34 | F67: 34 | G67: Spain | H67: Spain | I67: Web Development | J67: Web Development | K67: 12 | L67: 12 | M67: 40 | N67: 40 | O67: 2.4 | P67: 2.4 | Q67: 1 | R67: 1 | S67: 64 | T67: 64
A68: FL250067 | B68: Ashley Cordova | C68: Female | D68: Female | E68: 45 | F68: 45 | G68: Brazil | H68: Brazil | I68: AI | J68: AI | K68: 11 | L68: 11 | M68: USD 75 | N68: USD 75 | O68: 4 | P68: 4 | Q68: N | R68: N | S68: 1 | T68: 1
A69: FL250068 | B69: Vicki Kelly | C69: FEMALE | D69: Female | E69: 55 | F69: 55 | G69: Brazil | H69: Brazil | I69: Web Development | J69: Web Development | K69: 0 | L69: 0 | M69: $40 | N69: $40 | O69: 0 | P69: 0 | Q69: TRUE | R69: TRUE | T69: Not Mentioned
A70: FL250069 | B70: Corey Warren | C70: m | D70: Male | F70: Not given | G70: Argentina | H70: Argentina | I70: UI/UX Design | J70: UI/UX Design | K70: 6 | L70: 6 | M70: 100 | N70: 100 | O70: 1.5 | P70: 1.5 | Q70: FALSE | R70: FALSE | T70: Not Mentioned
A71: FL250070 | B71: Gina Thompson | C71: FEMALE | D71: Female | E71: 60 | F71: 60 | G71: China | H71: China | I71: UI/UX Design | J71: UI/UX Design | K71: 38 | L71: 38 | M71: $20 | N71: $20 | O71: 2 | P71: 2 | Q71: no | R71: no | S71: 0.71 | T71: 0.71
A72: FL250071 | B72: Yvonne Berg | C72: f | D72: Female | E72: 33 | F72: 33 | G72: South Africa | H72: South Africa | I72: Mobile Apps | J72: Mobile Apps | K72: 11 | L72: 11 | N72: Not given | P72: Not Mentioned | Q72: yes | R72: yes | S72: 0.84 | T72: 0.84
A73: FL250072 | B73: Thomas Miller | C73: M | D73: Male | E73: 60 | F73: 60 | G73: Italy | H73: Italy | I73: DevOps | J73: DevOps | K73: 13 | L73: 13 | M73: USD 50 | N73: USD 50 | O73: 1 | P73: 1 | Q73: FALSE | R73: FALSE | T73: Not Mentioned
A74: FL250073 | B74: Nicholas Burton | C74: MALE | D74: Male | E74: 40 | F74: 40 | G74: US | H74: US | I74: Web Development | J74: Web Development | K74: 9 | L74: 9 | M74: $100 | N74: $100 | O74: 4.5 | P74: 4.5 | Q74: yes | R74: yes | S74: 0.69 | T74: 0.69
A75: FL250074 | B75: Jorge Riley | C75: Male | D75: Male | E75: 59 | F75: 59 | G75: Australia | H75: Australia | I75: Blockchain Development | J75: Blockchain Development | K75: 4 | L75: 4 | N75: Not given | O75: 1.9 | P75: 1.9 | Q75: FALSE | R75: FALSE | S75: 88 | T75: 88
A76: FL250075 | B76: Melvin Harris | C76: M | D76: Male | E76: 36 | F76: 36 | H76: Not Mentioned | I76: Machine Learning | J76: Machine Learning | K76: 14 | L76: 14 | M76: $100 | N76: $100 | O76: 3.7 | P76: 3.7 | Q76: 0 | R76: 0 | T76: Not Mentioned
A77: FL250076 | B77: Jeremy Meyer | C77: Male | D77: Male | E77: 32 | F77: 32 | G77: India | H77: India | I77: Data Analysis | J77: Data Analysis | L77: Not Mentioned | M77: 30 | N77: 30 | O77: 1.9 | P77: 1.9 | Q77: TRUE | R77: TRUE | S77: 0.96 | T77: 0.96
A78: FL250077 | B78: Timothy Lee | C78: male | D78: Male | E78: 59 | F78: 59 | G78: Australia | H78: Australia | I78: AI | J78: AI | K78: 9 | L78: 9 | M78: USD 75 | N78: USD 75 | O78: 4 | P78: 4 | Q78: 1 | R78: 1 | S78: 96 | T78: 96
A79: FL250078 | B79: Diana Bautista | C79: F | D79: Female | E79: 54 | F79: 54 | G79: Spain | H79: Spain | I79: DevOps | J79: DevOps | K79: 32 | L79: 32 | M79: USD 40 | N79: USD 40 | O79: 1.8 | P79: 1.8 | Q79: N | R79: N | T79: Not Mentioned
A80: FL250079 | B80: Leslie Rodriguez | C80: f | D80: Female | E80: 37 | F80: 37 | G80: Canada | H80: Canada | I80: Graphic Design | J80: Graphic Design | K80: 9 | L80: 9 | N80: Not given | O80: 0 | P80: 0 | Q80: 1 | R80: 1 | S80: 0.89 | T80: 0.89
A81: FL250080 | B81: Noah Wiggins | C81: MALE | D81: Male | E81: 54 | F81: 54 | G81: India | H81: India | I81: Machine Learning | J81: Machine Learning | K81: 21 | L81: 21 | M81: $100 | N81: $100 | O81: 4.6 | P81: 4.6 | Q81: FALSE | R81: FALSE | T81: Not Mentioned
A82: FL250081 | B82: Bridget Williams | C82: Female | D82: Female | E82: 33 | F82: 33 | G82: Argentina | H82: Argentina | I82: UI/UX Design | J82: UI/UX Design | K82: 12 | L82: 12 | M82: 100 | N82: 100 | O82: 3.6 | P82: 3.6 | Q82: 0 | R82: 0 | S82: 0.63 | T82: 0.63
A83: FL250082 | B83: Veronica Baker | C83: f | D83: Female | E83: 25 | F83: 25 | G83: Egypt | H83: Egypt | I83: Web Development | J83: Web Development | K83: 7 | L83: 7 | M83: USD 40 | N83: USD 40 | O83: 4.4 | P83: 4.4 | R83: Not Mentioned | S83: 81 | T83: 81
A84: FL250083 | B84: Andrew Avila | C84: Male | D84: Male | F84: Not given | G84: China | H84: China | I84: DevOps | J84: DevOps | K84: 3 | L84: 3 | M84: 40 | N84: 40 | O84: 4.6 | P84: 4.6 | Q84: N | R84: N | S84: 0.74 | T84: 0.74
A85: FL250084 | B85: Michael Roberson | C85: male | D85: Male | E85: 35 | F85: 35 | G85: South Korea | H85: South Korea | I85: Web Development | J85: Web Development | K85: 5 | L85: 5 | M85: $75 | N85: $75 | O85: 3.2 | P85: 3.2 | Q85: FALSE | R85: FALSE | S85: 0.72 | T85: 0.72
A86: FL250085 | B86: Austin Jenkins | C86: Male | D86: Male | E86: 59 | F86: 59 | G86: South Korea | H86: South Korea | I86: AI | J86: AI | K86: 30 | L86: 30 | M86: $40 | N86: $40 | O86: 0 | P86: 0 | Q86: TRUE | R86: TRUE | T86: Not Mentioned
A87: FL250086 | B87: Brenda Green | C87: female | D87: Female | E87: 21 | F87: 21 | G87: China | H87: China | I87: DevOps | J87: DevOps | K87: 2 | L87: 2 | M87: 100 | N87: 100 | O87: 2.6 | P87: 2.6 | Q87: Y | R87: Y | S87: 0.85 | T87: 0.85
A88: FL250087 | B88: Samuel Pierce | C88: M | D88: Male | E88: 25 | F88: 25 | G88: US | H88: US | I88: Mobile Apps | J88: Mobile Apps | K88: 2 | L88: 2 | M88: $75 | N88: $75 | O88: 3.7 | P88: 3.7 | Q88: N | R88: N | T88: Not Mentioned
A89: FL250088 | B89: Briana Smith | C89: f | D89: Female | E89: 38 | F89: 38 | G89: Mexico | H89: Mexico | I89: Web Development | J89: Web Development | K89: 19 | L89: 19 | M89: 75 | N89: 75 | O89: 2.3 | P89: 2.3 | Q89: FALSE | R89: FALSE | S89: 0.61 | T89: 0.61
A90: FL250089 | B90: Ronald Barrett | C90: Male | D90: Male | E90: 57 | F90: 57 | G90: Russia | H90: Russia | I90: AI | J90: AI | K90: 16 | L90: 16 | M90: 100 | N90: 100 | O90: 3.1 | P90: 3.1 | Q90: FALSE | R90: FALSE | T90: Not Mentioned
A91: FL250090 | B91: Matthew Smith | C91: m | D91: Male | E91: 32 | F91: 32 | G91: India | H91: India | I91: Mobile Apps | J91: Mobile Apps | K91: 10 | L91: 10 | M91: $20 | N91: $20 | O91: 2.4 | P91: 2.4 | Q91: 0 | R91: 0 | S91: 0.86 | T91: 0.86
A92: FL250091 | B92: Logan Huang | C92: male | D92: Male | E92: 21 | F92: 21 | G92: Italy | H92: Italy | I92: DevOps | J92: DevOps | K92: 2 | L92: 2 | M92: USD 100 | N92: USD 100 | O92: 1.6 | P92: 1.6 | Q92: yes | R92: yes | S92: 0.97 | T92: 0.97
A93: FL250092 | B93: Miranda Hutchinson | C93: Female | D93: Female | E93: 57 | F93: 57 | G93: Canada | H93: Canada | I93: Cybersecurity | J93: Cybersecurity | K93: 18 | L93: 18 | M93: 50 | N93: 50 | O93: 2.4 | P93: 2.4 | Q93: 1 | R93: 1 | S93: 0.63 | T93: 0.63
A94: FL250093 | B94: Paul Richardson | C94: male | D94: Male | E94: 53 | F94: 53 | G94: China | H94: China | I94: UI/UX Design | J94: UI/UX Design | K94: 21 | L94: 21 | M94: USD 100 | N94: USD 100 | P94: Not Mentioned | Q94: Y | R94: Y | S94: 0.97 | T94: 0.97
A95: FL250094 | B95: Jose Jones | C95: M | D95: Male | E95: 35 | F95: 35 | G95: Russia | H95: Russia | I95: Blockchain Development | J95: Blockchain Development | K95: 3 | L95: 3 | M95: USD 30 | N95: USD 30 | O95: 3.8 | P95: 3.8 | Q95: yes | R95: yes | S95: 0.81 | T95: 0.81
A96: FL250095 | B96: Denise Smith | C96: f | D96: Female | E96: 54 | F96: 54 | G96: China | H96: China | I96: Machine Learning | J96: Machine Learning | K96: 17 | L96: 17 | M96: 20 | N96: 20 | O96: 1.7 | P96: 1.7 | Q96: 0 | R96: 0 | S96: 0.69 | T96: 0.69
A97: FL250096 | B97: Shelby Mcmahon | C97: FEMALE | D97: Female | E97: 36 | F97: 36 | G97: Italy | H97: Italy | I97: UI/UX Design | J97: UI/UX Design | K97: 0 | L97: 0 | M97: 20 | N97: 20 | O97: 1.3 | P97: 1.3 | Q97: Y | R97: Y | S97: 0.64 | T97: 0.64
A98: FL250097 | B98: Bethany Wright | C98: f | D98: Female | E98: 49 | F98: 49 | G98: Spain | H98: Spain | I98: Cybersecurity | J98: Cybersecurity | K98: 25 | L98: 25 | M98: 50 | N98: 50 | O98: 5 | P98: 5 | Q98: N | R98: N | S98: 0.77 | T98: 0.77
A99: FL250098 | B99: David Ortiz | C99: Male | D99: Male | E99: 37 | F99: 37 | G99: US | H99: US | I99: Blockchain Development | J99: Blockchain Development | K99: 17 | L99: 17 | M99: 20 | N99: 20 | O99: 3.3 | P99: 3.3 | Q99: 0 | R99: 0 | S99: 96 | T99: 96
A100: FL250099 | B100: Andrew Lynch | C100: MALE | D100: Male | F100: Not given | G100: US | H100: US | I100: UI/UX Design | J100: UI/UX Design | K100: 5 | L100: 5 | M100: $20 | N100: $20 | O100: 1.1 | P100: 1.1 | Q100: no | R100: no | S100: 0.74 | T100: 0.74
...

Sheet Day 7 –Power Query cleaned data
A1: Freelancer ID | B1: Name | C1: Gender | D1: Age | E1: Country | F1: Language | G1: Primary_skill | H1: Years_of_Experience | I1: Hourly_rate (USD) | J1: Rating | K1: Is_active | L1: Client Satisfaction | M1: Notes | N1: Status | O1: No of projects | P1: IF Condition | Q1: Duration Months
A2: FL250001 | B2: Ms. Nicole Kidd | C2: Female | D2: 52 | E2: Italy | F2: Italian | G2: Blockchain Development | H2: 11 | I2: 100 | J2: Not Mentioned | K2: 0 | L2: Not Mentioned | M2: Reviewed | N2: On Hold | O2: 13 | P2: =IF(global_freelancer_raw5[[#This Row],[No of projects ]]<=5,"Entry level","Well Experienced") -> Well Experienced | Q2: 6
A3: FL250002 | B3: Vanessa Garcia | C3: Female | D3: 52 | E3: Australia | F3: English | G3: Mobile Apps | H3: 34 | I3: USD 100 | J3: 3.3 | K3: 1 | L3: 0.84 | M3: Reviewed | N3: Completed | O3: 10 | P3: =IF(global_freelancer_raw5[[#This Row],[No of projects ]]<=5,"Entry level","Well Experienced") -> Well Experienced | Q3: 7
A4: FL250003 | B4: Juan Nelson | C4: Male | D4: 53 | E4: Germany | F4: Germany | G4: Graphic Design | H4: 31 | I4: 50 | J4: 0 | K4: N | L4: 0.71 | M4: Reviewed | N4: Active | O4: 16 | P4: =IF(global_freelancer_raw5[[#This Row],[No of projects ]]<=5,"Entry level","Well Experienced") -> Well Experienced | Q4: 16
A5: FL250004 | B5: Amanda Spencer | C5: Female | D5: 38 | E5: Australia | F5: English | G5: Web Development | H5: 4 | I5: $40 | J5: 1.5 | K5: N | L5: 0.9 | M5: Reviewed | N5: Completed | O5: 5 | P5: =IF(global_freelancer_raw5[[#This Row],[No of projects ]]<=5,"Entry level","Well Experienced") -> Entry level | Q5: 1
A6: FL250005 | B6: Lynn Curtis DDS | C6: Female | D6: 53 | E6: Germany | F6: Germany | G6: Not Mentioned | H6: 27 | I6: 30 | J6: 4.8 | K6: 0 | L6: 0.83 | M6: Reviewed | N6: On Hold | O6: 13 | P6: =IF(global_freelancer_raw5[[#This Row],[No of projects ]]<=5,"Entry level","Well Experienced") -> Well Experienced | Q6: 3
A7: FL250006 | B7: Lisa Johnson | C7: Female | D7: 59 | E7: Netherlands | F7: Dutch | G7: AI | H7: 14 | I7: $30 | J7: 2.4 | K7: FALSE | L7: Not Mentioned | M7: Urgent | N7: Active | O7: 8 | P7: =IF(global_freelancer_raw5[[#This Row],[No of projects ]]<=5,"Entry level","Well Experienced") -> Well Experienced | Q7: 3
A8: FL250007 | B8: Eric Myers | C8: Male | D8: 52 | E8: Indonesia | F8: Indonesian | G8: Data Analysis | H8: 10 | I8: USD 75 | J8: 3.1 | K8: 0 | L8: 0.94 | M8: Reviewed | N8: On Hold | O8: 10 | P8: =IF(global_freelancer_raw5[[#This Row],[No of projects ]]<=5,"Entry level","Well Experienced") -> Well Experienced | Q8: 3
A9: FL250008 | B9: Ricky Graham | C9: Male | D9: 43 | E9: Italy | F9: Italian | G9: Blockchain Development | H9: 14 | I9: USD 40 | J9: 4.6 | K9: FALSE | L9: 0.94 | M9: Urgent | N9: On Hold | O9: 7 | P9: =IF(global_freelancer_raw5[[#This Row],[No of projects ]]<=5,"Entry level","Well Experienced") -> Well Experienced | Q9: 10
A10: FL250009 | B10: Sean Martin | C10: Male | D10: 26 | E10: US | F10: English | G10: Blockchain Development | H10: 4 | I10: Not given | J10: 4 | K10: TRUE | L10: 0.76 | M10: Reviewed | N10: Inactive | O10: 2 | P10: =IF(global_freelancer_raw5[[#This Row],[No of projects ]]<=5,"Entry level","Well Experienced") -> Entry level | Q10: 4
A11: FL250010 | B11: Matthew Lloyd | C11: Male | D11: 52 | E11: Turkey | F11: Turkish | G11: AI | H11: 22 | I11: $50 | J11: Not Mentioned | K11: 1 | L11: Not Mentioned | M11: Pending | N11: Active | O11: 16 | P11: =IF(global_freelancer_raw5[[#This Row],[No of projects ]]<=5,"Entry level","Well Experienced") -> Well Experienced | Q11: 5
A12: FL250011 | B12: Gavin Randall | C12: Male | D12: 40 | E12: UK | F12: English | G12: Data Analysis | H12: 17 | I12: 40 | J12: 3.6 | K12: yes | L12: 0.77 | M12: Follow-up | N12: Inactive | O12: 20 | P12: =IF(global_freelancer_raw5[[#This Row],[No of projects ]]<=5,"Entry level","Well Experienced") -> Well Experienced | Q12: 5
A13: FL250012 | B13: Michelle Curtis | C13: Female | D13: 55 | E13: Argentina | F13: Spanish | G13: UI/UX Design | H13: 15 | I13: Not given | J13: Not Mentioned | K13: Y | L13: 0.86 | M13: Urgent | N13: Active | O13: 13 | P13: =IF(global_freelancer_raw5[[#This Row],[No of projects ]]<=5,"Entry level","Well Experienced") -> Well Experienced | Q13: 4
A14: FL250013 | B14: Alice Schneider | C14: Female | D14: 57 | E14: UK | F14: English | G14: Cybersecurity | H14: 18 | I14: Not given | J14: 2 | K14: 0 | L14: 0.86 | M14: Reviewed | N14: On Hold | O14: 16 | P14: =IF(global_freelancer_raw5[[#This Row],[No of projects ]]<=5,"Entry level","Well Experienced") -> Well Experienced | Q14: 15
A15: FL250014 | B15: Phillip Shelton | C15: Male | D15: 38 | E15: Not Mentioned | F15: Spanish | G15: Graphic Design | H15: 20 | I15: USD 75 | J15: 2.9 | K15: 1 | L15: 0.93 | M15: Pending | N15: On Hold | O15: 17 | P15: =IF(global_freelancer_raw5[[#This Row],[No of projects ]]<=5,"Entry level","Well Experienced") -> Well Experienced | Q15: 12
A16: FL250015 | B16: Edward Ferguson | C16: Male | D16: 50 | E16: Germany | F16: Germany | G16: Data Analysis | H16: 22 | I16: 75 | J16: 3.7 | K16: 1 | L16: 0.7 | M16: Follow-up | N16: Completed | O16: 14 | P16: =IF(global_freelancer_raw5[[#This Row],[No of projects ]]<=5,"Entry level","Well Experienced") -> Well Experienced | Q16: 6
A17: FL250016 | B17: Wyatt Stout | C17: Male | D17: 42 | E17: Japan | F17: Japanese | G17: Not Mentioned | H17: 0 | I17: $30 | J17: 1.2 | K17: 0 | L17: 0.69 | M17: Urgent | N17: Active | O17: 5 | P17: =IF(global_freelancer_raw5[[#This Row],[No of projects ]]<=5,"Entry level","Well Experienced") -> Entry level | Q17: 2
A18: FL250017 | B18: Laura Johnson | C18: Female | D18: 39 | E18: Australia | F18: English | G18: DevOps | H18: 13 | I18: $30 | J18: 2.5 | K18: FALSE | L18: 0.6 | M18: Follow-up | N18: Inactive | O18: 7 | P18: =IF(global_freelancer_raw5[[#This Row],[No of projects ]]<=5,"Entry level","Well Experienced") -> Well Experienced | Q18: 1
A19: FL250018 | B19: Scott Burns | C19: Male | D19: 56 | E19: India | F19: Hindi | G19: Blockchain Development | H19: Not Mentioned | I19: Not given | J19: Not Mentioned | K19: Not Mentioned | L19: 0.87 | M19: Pending | N19: Completed | O19: 1 | P19: =IF(global_freelancer_raw5[[#This Row],[No of projects ]]<=5,"Entry level","Well Experienced") -> Entry level | Q19: 2
A20: FL250019 | B20: Tyler Aguirre | C20: Male | D20: 56 | E20: US | F20: English | G20: UI/UX Design | H20: 31 | I20: USD 50 | J20: 1.1 | K20: N | L20: 0.75 | M20: Urgent | N20: Completed | O20: 13 | P20: =IF(global_freelancer_raw5[[#This Row],[No of projects ]]<=5,"Entry level","Well Experienced") -> Well Experienced | Q20: 3
A21: FL250020 | B21: Matthew Lawson | C21: Male | D21: 57 | E21: Italy | F21: Italian | G21: Web Development | H21: 3 | I21: USD 100 | J21: 1.8 | K21: yes | L21: 0.68 | M21: Follow-up | N21: Completed | O21: 1 | P21: =IF(global_freelancer_raw5[[#This Row],[No of projects ]]<=5,"Entry level","Well Experienced") -> Entry level | Q21: 1
A22: FL250021 | B22: James Cherry | C22: Male | D22: Not given | E22: Indonesia | F22: Indonesian | G22: AI | H22: 9 | I22: 50 | J22: 1.8 | K22: FALSE | L22: 0.65 | M22: Reviewed | N22: Inactive | O22: 15 | P22: =IF(global_freelancer_raw5[[#This Row],[No of projects ]]<=5,"Entry level","Well Experienced") -> Well Experienced | Q22: 6
A23: FL250022 | B23: Samuel Sanford | C23: Male | D23: 51 | E23: Japan | F23: Japanese | G23: DevOps | H23: Not Mentioned | I23: Not given | J23: 2.4 | K23: N | L23: 0.69 | M23: Urgent | N23: Completed | O23: 3 | P23: =IF(global_freelancer_raw5[[#This Row],[No of projects ]]<=5,"Entry level","Well Experienced") -> Entry level | Q23: 5
A24: FL250023 | B24: Cesar Greene | C24: Male | D24: 51 | E24: Brazil | F24: Portuguese | G24: Cybersecurity | H24: 21 | I24: USD 30 | J24: 4.7 | K24: N | L24: Not Mentioned | M24: Follow-up | N24: Inactive | O24: 14 | P24: =IF(global_freelancer_raw5[[#This Row],[No of projects ]]<=5,"Entry level","Well Experienced") -> Well Experienced | Q24: 2
A25: FL250024 | B25: Melanie Carter | C25: Female | D25: 51 | E25: South Korea | F25: Korean | G25: Machine Learning | H25: 15 | I25: $50 | J25: 1.3 | K25: 1 | L25: 1 | M25: Pending | N25: Completed | O25: 9 | P25: =IF(global_freelancer_raw5[[#This Row],[No of projects ]]<=5,"Entry level","Well Experienced") -> Well Experienced | Q25: 3
A26: FL250025 | B26: Jennifer Martin | C26: Female | D26: 54 | E26: Indonesia | F26: Indonesian | G26: Machine Learning | H26: 13 | I26: 75 | J26: 2.9 | K26: Not Mentioned | L26: 92 | M26: Pending | N26: Inactive | O26: 15 | P26: =IF(global_freelancer_raw5[[#This Row],[No of projects ]]<=5,"Entry level","Well Experienced") -> Well Experienced | Q26: 3
A27: FL250026 | B27: Anna Mccann | C27: Female | D27: 22 | E27: South Korea | F27: Korean | G27: DevOps | H27: 0 | I27: USD 30 | J27: 1.2 | K27: 1 | L27: 0.7 | M27: Urgent | N27: On Hold | O27: 5 | P27: =IF(global_freelancer_raw5[[#This Row],[No of projects ]]<=5,"Entry level","Well Experienced") -> Entry level | Q27: 2
A28: FL250027 | B28: Marissa Bass | C28: Female | D28: 34 | E28: Japan | F28: Japanese | G28: Blockchain Development | H28: 8 | I28: $20 | J28: 0 | K28: TRUE | L28: 0.89 | M28: Follow-up | N28: On Hold | O28: 6 | P28: =IF(global_freelancer_raw5[[#This Row],[No of projects ]]<=5,"Entry level","Well Experienced") -> Well Experienced | Q28: 1
A29: FL250028 | B29: Alexis Day | C29: Female | D29: 36 | E29: Russia | F29: Russian | G29: Graphic Design | H29: 11 | I29: Not given | J29: 1.8 | K29: Y | L29: 0.86 | M29: Urgent | N29: On Hold | O29: 12 | P29: =IF(global_freelancer_raw5[[#This Row],[No of projects ]]<=5,"Entry level","Well Experienced") -> Well Experienced | Q29: 4
A30: FL250029 | B30: Megan Jones | C30: Female | D30: 47 | E30: Canada | F30: English | G30: AI | H30: 22 | I30: 30 | J30: 1.3 | K30: 0 | L30: 0.62 | M30: Urgent | N30: On Hold | O30: 14 | P30: =IF(global_freelancer_raw5[[#This Row],[No of projects ]]<=5,"Entry level","Well Experienced") -> Well Experienced | Q30: 2
A31: FL250030 | B31: Lori Smith | C31: Female | D31: 41 | E31: Netherlands | F31: Dutch | G31: Data Analysis | H31: 14 | I31: USD 75 | J31: 1.2 | K31: 0 | L31: Not Mentioned | M31: Follow-up | N31: On Hold | O31: 6 | P31: =IF(global_freelancer_raw5[[#This Row],[No of projects ]]<=5,"Entry level","Well Experienced") -> Well Experienced | Q31: 5
A32: FL250031 | B32: Eric Carpenter | C32: Male | D32: 22 | E32: Netherlands | F32: Dutch | G32: DevOps | H32: 4 | I32: Not given | J32: 1 | K32: yes | L32: Not Mentioned | M32: Follow-up | N32: Completed | O32: 3 | P32: =IF(global_freelancer_raw5[[#This Row],[No of projects ]]<=5,"Entry level","Well Experienced") -> Entry level | Q32: 1
A33: FL250032 | B33: Timothy Daniels | C33: Male | D33: 38 | E33: France | F33: French | G33: Machine Learning | H33: 19 | I33: USD 100 | J33: 4.2 | K33: N | L33: 0.68 | M33: Reviewed | N33: Completed | O33: 10 | P33: =IF(global_freelancer_raw5[[#This Row],[No of projects ]]<=5,"Entry level","Well Experienced") -> Well Experienced | Q33: 10
A34: FL250033 | B34: Robert Nelson | C34: Male | D34: 46 | E34: Egypt | F34: Arabic | G34: AI | H34: 9 | I34: 20 | J34: 1.4 | K34: TRUE | L34: 0.76 | M34: Follow-up | N34: Completed | O34: 13 | P34: =IF(global_freelancer_raw5[[#This Row],[No of projects ]]<=5,"Entry level","Well Experienced") -> Well Experienced | Q34: 6
A35: FL250034 | B35: Michael Anderson | C35: Male | D35: Not given | E35: South Korea | F35: Korean | G35: AI | H35: 9 | I35: 40 | J35: 2.4 | K35: yes | L35: 82 | M35: Pending | N35: Inactive | O35: 15 | P35: =IF(global_freelancer_raw5[[#This Row],[No of projects ]]<=5,"Entry level","Well Experienced") -> Well Experienced | Q35: 3
A36: FL250035 | B36: Jessica Snyder | C36: Female | D36: 54 | E36: US | F36: English | G36: Web Development | H36: 32 | I36: 75 | J36: 1 | K36: yes | L36: 0.81 | M36: Urgent | N36: Inactive | O36: 18 | P36: =IF(global_freelancer_raw5[[#This Row],[No of projects ]]<=5,"Entry level","Well Experienced") -> Well Experienced | Q36: 10
A37: FL250036 | B37: Emily Daniels | C37: Female | D37: 52 | E37: South Korea | F37: Korean | G37: Not Mentioned | H37: 28 | I37: $20 | J37: Not Mentioned | K37: 0 | L37: Not Mentioned | M37: Urgent | N37: Inactive | O37: 18 | P37: =IF(global_freelancer_raw5[[#This Row],[No of projects ]]<=5,"Entry level","Well Experienced") -> Well Experienced | Q37: 2
A38: FL250037 | B38: Jamie Ramirez | C38: Female | D38: 42 | E38: Japan | F38: Japanese | G38: Mobile Apps | H38: 6 | I38: 40 | J38: Not Mentioned | K38: 0 | L38: 0.63 | M38: Pending | N38: Inactive | O38: 15 | P38: =IF(global_freelancer_raw5[[#This Row],[No of projects ]]<=5,"Entry level","Well Experienced") -> Well Experienced | Q38: 6
A39: FL250038 | B39: Amy Harrison | C39: Female | D39: 29 | E39: Netherlands | F39: Dutch | G39: Graphic Design | H39: 10 | I39: 40 | J39: 2.2 | K39: N | L39: 0.67 | M39: Follow-up | N39: On Hold | O39: 10 | P39: =IF(global_freelancer_raw5[[#This Row],[No of projects ]]<=5,"Entry level","Well Experienced") -> Well Experienced | Q39: 9
A40: FL250039 | B40: Melinda White | C40: Female | D40: 42 | E40: South Africa | F40: Afrikaans | G40: Mobile Apps | H40: 23 | I40: 50 | J40: 3.2 | K40: yes | L40: Not Mentioned | M40: Pending | N40: On Hold | O40: 13 | P40: =IF(global_freelancer_raw5[[#This Row],[No of projects ]]<=5,"Entry level","Well Experienced") -> Well Experienced | Q40: 3
A41: FL250040 | B41: James Hernandez | C41: Male | D41: 60 | E41: Japan | F41: Japanese | G41: Web Development | H41: 13 | I41: $20 | J41: 3.6 | K41: 0 | L41: 0.8 | M41: Pending | N41: On Hold | O41: 9 | P41: =IF(global_freelancer_raw5[[#This Row],[No of projects ]]<=5,"Entry level","Well Experienced") -> Well Experienced | Q41: 3
A42: FL250041 | B42: Angelica Rogers | C42: Female | D42: 59 | E42: UK | F42: English | G42: AI | H42: 3 | I42: USD 50 | J42: 0 | K42: no | L42: Not Mentioned | M42: Reviewed | N42: Active | O42: 3 | P42: =IF(global_freelancer_raw5[[#This Row],[No of projects ]]<=5,"Entry level","Well Experienced") -> Entry level | Q42: 1
A43: FL250042 | B43: Savannah Williams | C43: Female | D43: 21 | E43: Canada | F43: English | G43: Web Development | H43: 0 | I43: 30 | J43: 2.7 | K43: 1 | L43: 0.84 | M43: Pending | N43: Completed | O43: 5 | P43: =IF(global_freelancer_raw5[[#This Row],[No of projects ]]<=5,"Entry level","Well Experienced") -> Entry level | Q43: 1
A44: FL250043 | B44: Kaitlyn Schmidt | C44: Female | D44: 35 | E44: Germany | F44: Germany | G44: DevOps | H44: 10 | I44: $50 | J44: 0 | K44: no | L44: Not Mentioned | M44: Urgent | N44: Inactive | O44: 7 | P44: =IF(global_freelancer_raw5[[#This Row],[No of projects ]]<=5,"Entry level","Well Experienced") -> Well Experienced | Q44: 6
A45: FL250044 | B45: Jason Singh | C45: Male | D45: 41 | E45: UK | F45: English | G45: Data Analysis | H45: Not Mentioned | I45: 20 | J45: 2.8 | K45: TRUE | L45: 0.63 | M45: Pending | N45: Inactive | O45: 1 | P45: =IF(global_freelancer_raw5[[#This Row],[No of projects ]]<=5,"Entry level","Well Experienced") -> Entry level | Q45: 1
A46: FL250045 | B46: Michelle Ramirez | C46: Female | D46: 51 | E46: Netherlands | F46: Dutch | G46: Machine Learning | H46: 23 | I46: 20 | J46: 2.5 | K46: FALSE | L46: 0.8 | M46: Urgent | N46: On Hold | O46: 17 | P46: =IF(global_freelancer_raw5[[#This Row],[No of projects ]]<=5,"Entry level","Well Experienced") -> Well Experienced | Q46: 15
A47: FL250046 | B47: James Brown | C47: Male | D47: 41 | E47: South Africa | F47: Afrikaans | G47: Web Development | H47: 9 | I47: $75 | J47: 4.9 | K47: 1 | L47: 0.74 | M47: Urgent | N47: Inactive | O47: 13 | P47: =IF(global_freelancer_raw5[[#This Row],[No of projects ]]<=5,"Entry level","Well Experienced") -> Well Experienced | Q47: 8
A48: FL250047 | B48: Mrs. Samantha Simmons | C48: Female | D48: 47 | E48: Egypt | F48: Arabic | G48: DevOps | H48: 15 | I48: USD 30 | J48: 4.5 | K48: 1 | L48: 0.85 | M48: Urgent | N48: Inactive | O48: 12 | P48: =IF(global_freelancer_raw5[[#This Row],[No of projects ]]<=5,"Entry level","Well Experienced") -> Well Experienced | Q48: 4
A49: FL250048 | B49: Chase Mason | C49: Male | D49: 25 | E49: China | F49: Mandarin | G49: Graphic Design | H49: 4 | I49: 50 | J49: 2.7 | K49: N | L49: 0.77 | M49: Follow-up | N49: Completed | O49: 4 | P49: =IF(global_freelancer_raw5[[#This Row],[No of projects ]]<=5,"Entry level","Well Experienced") -> Entry level | Q49: 3
A50: FL250049 | B50: Dominique Ward | C50: Female | D50: 25 | E50: Mexico | F50: Spanish | G50: Mobile Apps | H50: 7 | I50: 20 | J50: 1.9 | K50: 0 | L50: Not Mentioned | M50: Reviewed | N50: On Hold | O50: 12 | P50: =IF(global_freelancer_raw5[[#This Row],[No of projects ]]<=5,"Entry level","Well Experienced") -> Well Experienced | Q50: 10
A51: FL250050 | B51: Lance Griffin | C51: Male | D51: 29 | E51: Not Mentioned | F51: Dutch | G51: UI/UX Design | H51: 1 | I51: 20 | J51: 1.4 | K51: 1 | L51: 0.63 | M51: Urgent | N51: Completed | O51: 2 | P51: =IF(global_freelancer_raw5[[#This Row],[No of projects ]]<=5,"Entry level","Well Experienced") -> Entry level | Q51: 1
A52: FL250051 | B52: Julie Burgess | C52: Female | D52: 23 | E52: Argentina | F52: Spanish | G52: Cybersecurity | H52: 0 | I52: 75 | J52: 1.9 | K52: TRUE | L52: 0.79 | M52: Urgent | N52: Active | O52: 2 | P52: =IF(global_freelancer_raw5[[#This Row],[No of projects ]]<=5,"Entry level","Well Experienced") -> Entry level | Q52: 5
A53: FL250052 | B53: Don Scott | C53: Male | D53: 31 | E53: France | F53: French | G53: Data Analysis | H53: 8 | I53: 50 | J53: 3.4 | K53: 0 | L53: Not Mentioned | M53: Follow-up | N53: Active | O53: 11 | P53: =IF(global_freelancer_raw5[[#This Row],[No of projects ]]<=5,"Entry level","Well Experienced") -> Well Experienced | Q53: 3
A54: FL250053 | B54: Kyle Atkinson | C54: Male | D54: 51 | E54: Germany | F54: Germany | G54: Machine Learning | H54: 33 | I54: 75 | J54: 3.3 | K54: Not Mentioned | L54: 0.68 | M54: Urgent | N54: Active | O54: 17 | P54: =IF(global_freelancer_raw5[[#This Row],[No of projects ]]<=5,"Entry level","Well Experienced") -> Well Experienced | Q54: 8
A55: FL250054 | B55: Jimmy Hogan | C55: Male | D55: Not given | E55: Spain | F55: Spanish | G55: UI/UX Design | H55: 1 | I55: 30 | J55: 0 | K55: 0 | L55: 0.68 | M55: Pending | N55: On Hold | O55: 1 | P55: =IF(global_freelancer_raw5[[#This Row],[No of projects ]]<=5,"Entry level","Well Experienced") -> Entry level | Q55: 2
A56: FL250055 | B56: Jennifer Mcintyre | C56: Female | D56: 29 | E56: Turkey | F56: Turkish | G56: Cybersecurity | H56: 11 | I56: 100 | J56: 2.3 | K56: TRUE | L56: 0.72 | M56: Pending | N56: Inactive | O56: 7 | P56: =IF(global_freelancer_raw5[[#This Row],[No of projects ]]<=5,"Entry level","Well Experienced") -> Well Experienced | Q56: 7
A57: FL250056 | B57: Larry Simpson | C57: Male | D57: 50 | E57: UK | F57: English | G57: AI | H57: 15 | I57: Not given | J57: 2 | K57: yes | L57: 0.65 | M57: Reviewed | N57: On Hold | O57: 7 | P57: =IF(global_freelancer_raw5[[#This Row],[No of projects ]]<=5,"Entry level","Well Experienced") -> Well Experienced | Q57: 7
A58: FL250057 | B58: Laura Price | C58: Female | D58: 26 | E58: UK | F58: English | G58: DevOps | H58: 8 | I58: 50 | J58: 1.3 | K58: FALSE | L58: 0.76 | M58: Urgent | N58: On Hold | O58: 7 | P58: =IF(global_freelancer_raw5[[#This Row],[No of projects ]]<=5,"Entry level","Well Experienced") -> Well Experienced | Q58: 5
A59: FL250058 | B59: Mark Wright | C59: Male | D59: 38 | E59: Canada | F59: English | G59: AI | H59: 17 | I59: USD 40 | J59: 4 | K59: TRUE | L59: 0.9 | M59: Follow-up | N59: Inactive | O59: 16 | P59: =IF(global_freelancer_raw5[[#This Row],[No of projects ]]<=5,"Entry level","Well Experienced") -> Well Experienced | Q59: 11
A60: FL250059 | B60: Samantha Mcdaniel | C60: Female | D60: 23 | E60: India | F60: Hindi | G60: Mobile Apps | H60: Not Mentioned | I60: 75 | J60: 3.6 | K60: 1 | L60: 0.65 | M60: Pending | N60: Completed | O60: 2 | P60: =IF(global_freelancer_raw5[[#This Row],[No of projects ]]<=5,"Entry level","Well Experienced") -> Entry level | Q60: 4
A61: FL250060 | B61: Barbara Foster | C61: Female | D61: 51 | E61: South Africa | F61: Afrikaans | G61: DevOps | H61: 28 | I61: 40 | J61: 3.9 | K61: 0 | L61: 0.63 | M61: Follow-up | N61: Active | O61: 13 | P61: =IF(global_freelancer_raw5[[#This Row],[No of projects ]]<=5,"Entry level","Well Experienced") -> Well Experienced | Q61: 6
A62: FL250061 | B62: Courtney Tran | C62: Female | D62: 51 | E62: Indonesia | F62: Indonesian | G62: AI | H62: 33 | I62: $75 | J62: 0 | K62: TRUE | L62: Not Mentioned | M62: Follow-up | N62: Completed | O62: 14 | P62: =IF(global_freelancer_raw5[[#This Row],[No of projects ]]<=5,"Entry level","Well Experienced") -> Well Experienced | Q62: 8
A63: FL250062 | B63: Eddie Todd | C63: Male | D63: 47 | E63: Germany | F63: Germany | G63: AI | H63: 18 | I63: 75 | J63: 0 | K63: 0 | L63: Not Mentioned | M63: Pending | N63: Active | O63: 11 | P63: =IF(global_freelancer_raw5[[#This Row],[No of projects ]]<=5,"Entry level","Well Experienced") -> Well Experienced | Q63: 8
A64: FL250063 | B64: Christine Johnson | C64: Female | D64: 34 | E64: Russia | F64: Russian | G64: UI/UX Design | H64: 16 | I64: $20 | J64: 2.3 | K64: yes | L64: 0.93 | M64: Follow-up | N64: On Hold | O64: 15 | P64: =IF(global_freelancer_raw5[[#This Row],[No of projects ]]<=5,"Entry level","Well Experienced") -> Well Experienced | Q64: 5
A65: FL250064 | B65: Leah Phelps | C65: Female | D65: 58 | E65: Indonesia | F65: Indonesian | G65: Data Analysis | H65: 35 | I65: USD 50 | J65: 4.7 | K65: no | L65: 0.7 | M65: Pending | N65: Active | O65: 17 | P65: =IF(global_freelancer_raw5[[#This Row],[No of projects ]]<=5,"Entry level","Well Experienced") -> Well Experienced | Q65: 13
A66: FL250065 | B66: Rebekah Williams | C66: Female | D66: 50 | E66: Russia | F66: Russian | G66: AI | H66: 14 | I66: Not given | J66: 3.5 | K66: Y | L66: 0.83 | M66: Follow-up | N66: On Hold | O66: 13 | P66: =IF(global_freelancer_raw5[[#This Row],[No of projects ]]<=5,"Entry level","Well Experienced") -> Well Experienced | Q66: 8
A67: FL250066 | B67: Crystal Wilson | C67: Female | D67: 34 | E67: Spain | F67: Spanish | G67: Web Development | H67: 12 | I67: 40 | J67: 2.4 | K67: 1 | L67: 64 | M67: Pending | N67: Completed | O67: 14 | P67: =IF(global_freelancer_raw5[[#This Row],[No of projects ]]<=5,"Entry level","Well Experienced") -> Well Experienced | Q67: 12
A68: FL250067 | B68: Ashley Cordova | C68: Female | D68: 45 | E68: Brazil | F68: Portuguese | G68: AI | H68: 11 | I68: USD 75 | J68: 4 | K68: N | L68: 1 | M68: Urgent | N68: On Hold | O68: 9 | P68: =IF(global_freelancer_raw5[[#This Row],[No of projects ]]<=5,"Entry level","Well Experienced") -> Well Experienced | Q68: 2
A69: FL250068 | B69: Vicki Kelly | C69: Female | D69: 55 | E69: Brazil | F69: Portuguese | G69: Web Development | H69: 0 | I69: $40 | J69: 0 | K69: TRUE | L69: Not Mentioned | M69: Reviewed | N69: Completed | O69: 5 | P69: =IF(global_freelancer_raw5[[#This Row],[No of projects ]]<=5,"Entry level","Well Experienced") -> Entry level | Q69: 5
A70: FL250069 | B70: Corey Warren | C70: Male | D70: Not given | E70: Argentina | F70: Spanish | G70: UI/UX Design | H70: 6 | I70: 100 | J70: 1.5 | K70: FALSE | L70: Not Mentioned | M70: Pending | N70: Inactive | O70: 8 | P70: =IF(global_freelancer_raw5[[#This Row],[No of projects ]]<=5,"Entry level","Well Experienced") -> Well Experienced | Q70: 2
A71: FL250070 | B71: Gina Thompson | C71: Female | D71: 60 | E71: China | F71: Mandarin | G71: UI/UX Design | H71: 38 | I71: $20 | J71: 2 | K71: no | L71: 0.71 | M71: Pending | N71: Inactive | O71: 19 | P71: =IF(global_freelancer_raw5[[#This Row],[No of projects ]]<=5,"Entry level","Well Experienced") -> Well Experienced | Q71: 7
A72: FL250071 | B72: Yvonne Berg | C72: Female | D72: 33 | E72: South Africa | F72: Afrikaans | G72: Mobile Apps | H72: 11 | I72: Not given | J72: Not Mentioned | K72: yes | L72: 0.84 | M72: Reviewed | N72: Inactive | O72: 6 | P72: =IF(global_freelancer_raw5[[#This Row],[No of projects ]]<=5,"Entry level","Well Experienced") -> Well Experienced | Q72: 3
A73: FL250072 | B73: Thomas Miller | C73: Male | D73: 60 | E73: Italy | F73: Italian | G73: DevOps | H73: 13 | I73: USD 50 | J73: 1 | K73: FALSE | L73: Not Mentioned | M73: Pending | N73: On Hold | O73: 15 | P73: =IF(global_freelancer_raw5[[#This Row],[No of projects ]]<=5,"Entry level","Well Experienced") -> Well Experienced | Q73: 1
A74: FL250073 | B74: Nicholas Burton | C74: Male | D74: 40 | E74: US | F74: English | G74: Web Development | H74: 9 | I74: $100 | J74: 4.5 | K74: yes | L74: 0.69 | M74: Pending | N74: Inactive | O74: 11 | P74: =IF(global_freelancer_raw5[[#This Row],[No of projects ]]<=5,"Entry level","Well Experienced") -> Well Experienced | Q74: 10
A75: FL250074 | B75: Jorge Riley | C75: Male | D75: 59 | E75: Australia | F75: English | G75: Blockchain Development | H75: 4 | I75: Not given | J75: 1.9 | K75: FALSE | L75: 88 | M75: Follow-up | N75: Active | O75: 5 | P75: =IF(global_freelancer_raw5[[#This Row],[No of projects ]]<=5,"Entry level","Well Experienced") -> Entry level | Q75: 1
A76: FL250075 | B76: Melvin Harris | C76: Male | D76: 36 | E76: Not Mentioned | F76: Italian | G76: Machine Learning | H76: 14 | I76: $100 | J76: 3.7 | K76: 0 | L76: Not Mentioned | M76: Reviewed | N76: Completed | O76: 9 | P76: =IF(global_freelancer_raw5[[#This Row],[No of projects ]]<=5,"Entry level","Well Experienced") -> Well Experienced | Q76: 5
A77: FL250076 | B77: Jeremy Meyer | C77: Male | D77: 32 | E77: India | F77: Hindi | G77: Data Analysis | H77: Not Mentioned | I77: 30 | J77: 1.9 | K77: TRUE | L77: 0.96 | M77: Urgent | N77: Completed | O77: 2 | P77: =IF(global_freelancer_raw5[[#This Row],[No of projects ]]<=5,"Entry level","Well Experienced") -> Entry level | Q77: 2
A78: FL250077 | B78: Timothy Lee | C78: Male | D78: 59 | E78: Australia | F78: English | G78: AI | H78: 9 | I78: USD 75 | J78: 4 | K78: 1 | L78: 96 | M78: Pending | N78: Active | O78: 14 | P78: =IF(global_freelancer_raw5[[#This Row],[No of projects ]]<=5,"Entry level","Well Experienced") -> Well Experienced | Q78: 5
A79: FL250078 | B79: Diana Bautista | C79: Female | D79: 54 | E79: Spain | F79: Spanish | G79: DevOps | H79: 32 | I79: USD 40 | J79: 1.8 | K79: N | L79: Not Mentioned | M79: Reviewed | N79: On Hold | O79: 10 | P79: =IF(global_freelancer_raw5[[#This Row],[No of projects ]]<=5,"Entry level","Well Experienced") -> Well Experienced | Q79: 7
A80: FL250079 | B80: Leslie Rodriguez | C80: Female | D80: 37 | E80: Canada | F80: English | G80: Graphic Design | H80: 9 | I80: Not given | J80: 0 | K80: 1 | L80: 0.89 | M80: Follow-up | N80: On Hold | O80: 14 | P80: =IF(global_freelancer_raw5[[#This Row],[No of projects ]]<=5,"Entry level","Well Experienced") -> Well Experienced | Q80: 6
A81: FL250080 | B81: Noah Wiggins | C81: Male | D81: 54 | E81: India | F81: Hindi | G81: Machine Learning | H81: 21 | I81: $100 | J81: 4.6 | K81: FALSE | L81: Not Mentioned | M81: Urgent | N81: Completed | O81: 20 | P81: =IF(global_freelancer_raw5[[#This Row],[No of projects ]]<=5,"Entry level","Well Experienced") -> Well Experienced | Q81: 3
A82: FL250081 | B82: Bridget Williams | C82: Female | D82: 33 | E82: Argentina | F82: Spanish | G82: UI/UX Design | H82: 12 | I82: 100 | J82: 3.6 | K82: 0 | L82: 0.63 | M82: Reviewed | N82: Inactive | O82: 10 | P82: =IF(global_freelancer_raw5[[#This Row],[No of projects ]]<=5,"Entry level","Well Experienced") -> Well Experienced | Q82: 2
A83: FL250082 | B83: Veronica Baker | C83: Female | D83: 25 | E83: Egypt | F83: Arabic | G83: Web Development | H83: 7 | I83: USD 40 | J83: 4.4 | K83: Not Mentioned | L83: 81 | M83: Urgent | N83: On Hold | O83: 11 | P83: =IF(global_freelancer_raw5[[#This Row],[No of projects ]]<=5,"Entry level","Well Experienced") -> Well Experienced | Q83: 8
A84: FL250083 | B84: Andrew Avila | C84: Male | D84: Not given | E84: China | F84: Mandarin | G84: DevOps | H84: 3 | I84: 40 | J84: 4.6 | K84: N | L84: 0.74 | M84: Urgent | N84: On Hold | O84: 1 | P84: =IF(global_freelancer_raw5[[#This Row],[No of projects ]]<=5,"Entry level","Well Experienced") -> Entry level | Q84: 1
A85: FL250084 | B85: Michael Roberson | C85: Male | D85: 35 | E85: South Korea | F85: Korean | G85: Web Development | H85: 5 | I85: $75 | J85: 3.2 | K85: FALSE | L85: 0.72 | M85: Urgent | N85: Active | O85: 2 | P85: =IF(global_freelancer_raw5[[#This Row],[No of projects ]]<=5,"Entry level","Well Experienced") -> Entry level | Q85: 1
A86: FL250085 | B86: Austin Jenkins | C86: Male | D86: 59 | E86: South Korea | F86: Korean | G86: AI | H86: 30 | I86: $40 | J86: 0 | K86: TRUE | L86: Not Mentioned | M86: Pending | N86: Active | O86: 13 | P86: =IF(global_freelancer_raw5[[#This Row],[No of projects ]]<=5,"Entry level","Well Experienced") -> Well Experienced | Q86: 13
A87: FL250086 | B87: Brenda Green | C87: Female | D87: 21 | E87: China | F87: Mandarin | G87: DevOps | H87: 2 | I87: 100 | J87: 2.6 | K87: Y | L87: 0.85 | M87: Pending | N87: Inactive | O87: 5 | P87: =IF(global_freelancer_raw5[[#This Row],[No of projects ]]<=5,"Entry level","Well Experienced") -> Entry level | Q87: 3
A88: FL250087 | B88: Samuel Pierce | C88: Male | D88: 25 | E88: US | F88: English | G88: Mobile Apps | H88: 2 | I88: $75 | J88: 3.7 | K88: N | L88: Not Mentioned | M88: Follow-up | N88: On Hold | O88: 1 | P88: =IF(global_freelancer_raw5[[#This Row],[No of projects ]]<=5,"Entry level","Well Experienced") -> Entry level | Q88: 1
A89: FL250088 | B89: Briana Smith | C89: Female | D89: 38 | E89: Mexico | F89: Spanish | G89: Web Development | H89: 19 | I89: 75 | J89: 2.3 | K89: FALSE | L89: 0.61 | M89: Follow-up | N89: On Hold | O89: 20 | P89: =IF(global_freelancer_raw5[[#This Row],[No of projects ]]<=5,"Entry level","Well Experienced") -> Well Experienced | Q89: 9
A90: FL250089 | B90: Ronald Barrett | C90: Male | D90: 57 | E90: Russia | F90: Russian | G90: AI | H90: 16 | I90: 100 | J90: 3.1 | K90: FALSE | L90: Not Mentioned | M90: Reviewed | N90: Active | O90: 18 | P90: =IF(global_freelancer_raw5[[#This Row],[No of projects ]]<=5,"Entry level","Well Experienced") -> Well Experienced | Q90: 4
A91: FL250090 | B91: Matthew Smith | C91: Male | D91: 32 | E91: India | F91: Hindi | G91: Mobile Apps | H91: 10 | I91: $20 | J91: 2.4 | K91: 0 | L91: 0.86 | M91: Follow-up | N91: On Hold | O91: 9 | P91: =IF(global_freelancer_raw5[[#This Row],[No of projects ]]<=5,"Entry level","Well Experienced") -> Well Experienced | Q91: 3
A92: FL250091 | B92: Logan Huang | C92: Male | D92: 21 | E92: Italy | F92: Italian | G92: DevOps | H92: 2 | I92: USD 100 | J92: 1.6 | K92: yes | L92: 0.97 | M92: Urgent | N92: Completed | O92: 4 | P92: =IF(global_freelancer_raw5[[#This Row],[No of projects ]]<=5,"Entry level","Well Experienced") -> Entry level | Q92: 2
A93: FL250092 | B93: Miranda Hutchinson | C93: Female | D93: 57 | E93: Canada | F93: English | G93: Cybersecurity | H93: 18 | I93: 50 | J93: 2.4 | K93: 1 | L93: 0.63 | M93: Urgent | N93: Active | O93: 11 | P93: =IF(global_freelancer_raw5[[#This Row],[No of projects ]]<=5,"Entry level","Well Experienced") -> Well Experienced | Q93: 9
A94: FL250093 | B94: Paul Richardson | C94: Male | D94: 53 | E94: China | F94: Mandarin | G94: UI/UX Design | H94: 21 | I94: USD 100 | J94: Not Mentioned | K94: Y | L94: 0.97 | M94: Pending | N94: Inactive | O94: 20 | P94: =IF(global_freelancer_raw5[[#This Row],[No of projects ]]<=5,"Entry level","Well Experienced") -> Well Experienced | Q94: 10
A95: FL250094 | B95: Jose Jones | C95: Male | D95: 35 | E95: Russia | F95: Russian | G95: Blockchain Development | H95: 3 | I95: USD 30 | J95: 3.8 | K95: yes | L95: 0.81 | M95: Urgent | N95: Active | O95: 3 | P95: =IF(global_freelancer_raw5[[#This Row],[No of projects ]]<=5,"Entry level","Well Experienced") -> Entry level | Q95: 2
A96: FL250095 | B96: Denise Smith | C96: Female | D96: 54 | E96: China | F96: Mandarin | G96: Machine Learning | H96: 17 | I96: 20 | J96: 1.7 | K96: 0 | L96: 0.69 | M96: Reviewed | N96: On Hold | O96: 17 | P96: =IF(global_freelancer_raw5[[#This Row],[No of projects ]]<=5,"Entry level","Well Experienced") -> Well Experienced | Q96: 15
A97: FL250096 | B97: Shelby Mcmahon | C97: Female | D97: 36 | E97: Italy | F97: Italian | G97: UI/UX Design | H97: 0 | I97: 20 | J97: 1.3 | K97: Y | L97: 0.64 | M97: Urgent | N97: Inactive | O97: 2 | P97: =IF(global_freelancer_raw5[[#This Row],[No of projects ]]<=5,"Entry level","Well Experienced") -> Entry level | Q97: 2
A98: FL250097 | B98: Bethany Wright | C98: Female | D98: 49 | E98: Spain | F98: Spanish | G98: Cybersecurity | H98: 25 | I98: 50 | J98: 5 | K98: N | L98: 0.77 | M98: Urgent | N98: Active | O98: 14 | P98: =IF(global_freelancer_raw5[[#This Row],[No of projects ]]<=5,"Entry level","Well Experienced") -> Well Experienced | Q98: 8
A99: FL250098 | B99: David Ortiz | C99: Male | D99: 37 | E99: US | F99: English | G99: Blockchain Development | H99: 17 | I99: 20 | J99: 3.3 | K99: 0 | L99: 96 | M99: Reviewed | N99: Completed | O99: 20 | P99: =IF(global_freelancer_raw5[[#This Row],[No of projects ]]<=5,"Entry level","Well Experienced") -> Well Experienced | Q99: 11
A100: FL250099 | B100: Andrew Lynch | C100: Male | D100: Not given | E100: US | F100: English | G100: UI/UX Design | H100: 5 | I100: $20 | J100: 1.1 | K100: no | L100: 0.74 | M100: Follow-up | N100: Completed | O100: 2 | P100: =IF(global_freelancer_raw5[[#This Row],[No of projects ]]<=5,"Entry level","Well Experienced") -> Entry level | Q100: 1
...

Sheet Day 8–Handling Inconsistent Dat
B1: Text to Column | D1: Flashfill | E1: TRIM
A2: Freelancer ID | B2: Freelancer | C2: ID | D2: FreelancerID | E2: left | F2: Mid | G2: Right
A3: FL250001 | B3: FL | C3: 250001 | D3: FL250001 | E3: =LEFT(D3,3) -> FL2 | F3: =MID(D3,4,2) -> 50 | G3: =RIGHT(D3,3) -> 001
A4: FL250002 | B4: FL | C4: 250002 | D4: FL250002 | E4: =LEFT(D4,3) -> FL2 | F4: =MID(D4,4,2) -> 50 | G4: =RIGHT(D4,3) -> 002
A5: FL250003 | B5: FL | C5: 250003 | D5: FL250003 | E5: =LEFT(D5,3) -> FL2 | F5: =MID(D5,4,2) -> 50 | G5: =RIGHT(D5,3) -> 003
A6: FL250004 | B6: FL | C6: 250004 | D6: FL250004 | E6: =LEFT(D6,3) -> FL2 | F6: =MID(D6,4,2) -> 50 | G6: =RIGHT(D6,3) -> 004
A7: FL250005 | B7: FL | C7: 250005 | D7: FL250005 | E7: =LEFT(D7,3) -> FL2 | F7: =MID(D7,4,2) -> 50 | G7: =RIGHT(D7,3) -> 005
A8: FL250006 | B8: FL | C8: 250006 | D8: FL250006 | E8: =LEFT(D8,3) -> FL2 | F8: =MID(D8,4,2) -> 50 | G8: =RIGHT(D8,3) -> 006
A9: FL250007 | B9: FL | C9: 250007 | D9: FL250007 | E9: =LEFT(D9,3) -> FL2 | F9: =MID(D9,4,2) -> 50 | G9: =RIGHT(D9,3) -> 007
A10: FL250008 | B10: FL | C10: 250008 | D10: FL250008 | E10: =LEFT(D10,3) -> FL2 | F10: =MID(D10,4,2) -> 50 | G10: =RIGHT(D10,3) -> 008
A11: FL250009 | B11: FL | C11: 250009 | D11: FL250009 | E11: =LEFT(D11,3) -> FL2 | F11: =MID(D11,4,2) -> 50 | G11: =RIGHT(D11,3) -> 009
A12: FL250010 | B12: FL | C12: 250010 | D12: FL250010 | E12: =LEFT(D12,3) -> FL2 | F12: =MID(D12,4,2) -> 50 | G12: =RIGHT(D12,3) -> 010
A13: FL250011 | B13: FL | C13: 250011 | D13: FL250011 | E13: =LEFT(D13,3) -> FL2 | F13: =MID(D13,4,2) -> 50 | G13: =RIGHT(D13,3) -> 011
A14: FL250012 | B14: FL | C14: 250012 | D14: FL250012 | E14: =LEFT(D14,3) -> FL2 | F14: =MID(D14,4,2) -> 50 | G14: =RIGHT(D14,3) -> 012
... A1002: FL251000 | B1002: FL | C1002: 251000 | D1002: FL251000 | E1002: =LEFT(D1002,3) -> FL2 | F1002: =MID(D1002,4,2) -> 51 | G1002: =RIGHT(D1002,3) -> 000

Sheet Day 9 – Conditional Formatting 
A1: Conditional Formatting for Data Cleaning
A2: Refer Day6 worksheet

Sheet Day 10 – Descriptive Statistics
A1: No of projects | C1: Descriptive Statistics
A2: 13 | C2: Mean | D2: 8.715
A3: 10 | C3: Standard Error | D3: 0.17398289
A4: 16 | C4: Median | D4: 8
A5: 5 | C5: Mode | D5: 1
A6: 13 | C6: Standard Deviation | D6: 5.501822
A7: 8 | C7: Sample Variance | D7: 30.270045
A8: 10 | C8: Kurtosis | D8: -1.1352764
A9: 7 | C9: Skewness | D9: 0.24552448
A10: 2 | C10: Range | D10: 19
A11: 16 | C11: Minimum | D11: 1
A12: 20 | C12: Maximum | D12: 20
A13: 13 | C13: Sum | D13: 8715
A14: 16 | C14: Count | D14: 1000
A15: 17
A16: 14
A17: 5
A18: 7
A19: 1
A20: 13
A21: 1
A22: 15
A23: 3
A24: 14
A25: 9
A26: 15
... A1001: 15

Sheet Day 11 – Filtering, Sorting & E
A1: Name | B1: No of projects | D1: Top 5 | G1: Bottom 5
A2: Ms. Nicole Kidd | B2: 13 | D2: Name | E2: No of projects | G2: Name | H2: No of projects
A3: Vanessa Garcia | B3: 10 | D3: Joshua Holloway | E3: 20 | G3: Mark Ward | H3: 1
A4: Juan Nelson | B4: 16 | D4: Edwin Carter | E4: 20 | G4: Kimberly Allen | H4: 1
A5: Amanda Spencer | B5: 5 | D5: Dana Sanders | E5: 20 | G5: Nathan Soto | H5: 1
A6: Lynn Curtis DDS | B6: 13 | D6: Kenneth Arias | E6: 20 | G6: Megan Hudson | H6: 1
A7: Lisa Johnson | B7: 8 | D7: John Greene | E7: 20 | G7: Tracy White | H7: 1
A8: Eric Myers | B8: 10
A9: Ricky Graham | B9: 7
A10: Sean Martin | B10: 2
A11: Matthew Lloyd | B11: 16
A12: Gavin Randall | B12: 20
A13: Michelle Curtis | B13: 13
A14: Alice Schneider | B14: 16
A15: Phillip Shelton | B15: 17
A16: Edward Ferguson | B16: 14
A17: Wyatt Stout | B17: 5
A18: Laura Johnson | B18: 7
A19: Scott Burns | B19: 1
... A1001: Dawn Green | B1001: 15

Sheet Day 12 – Date & Time Functions
A1: In this dataset,there is no date & time data is available. So couldn't perform date & time functions.

Sheet Day 13 – Lookup Function
A1: Freelancer ID | B1: Name | C1: Gender | D1: Age | E1: Country | F1: Years_of_Experience | G1: Notes | H1: Status | I1: No of projects
A2: FL250001 | B2: =VLOOKUP(A:A,'global_freelancer Cleaned data'!A:O,2,FALSE) -> Ms. Nicole Kidd | C2: =VLOOKUP(A:A,'global_freelancer Cleaned data'!A1:O250,3,FALSE) -> Female | D2: =VLOOKUP(A:A,'global_freelancer Cleaned data'!A1:O250,4,FALSE) -> 52 | E2: =VLOOKUP(A:A,'global_freelancer Cleaned data'!A1:O250,5,FALSE) -> Italy | F2: =VLOOKUP(A:A,'global_freelancer Cleaned data'!A1:O250,8,FALSE) -> 11 | G2: =VLOOKUP(A:A,'global_freelancer Cleaned data'!A1:M250,13,FALSE) -> Reviewed | H2: =VLOOKUP(A:A,'global_freelancer Cleaned data'!A1:N250,14,FALSE) -> On Hold | I2: =VLOOKUP(A:A,'global_freelancer Cleaned data'!A1:O250,15,FALSE) -> 13
A3: FL250002 | B3: =VLOOKUP(A:A,'global_freelancer Cleaned data'!A:O,2,FALSE) -> Vanessa Garcia | C3: =VLOOKUP(A:A,'global_freelancer Cleaned data'!A2:O251,3,FALSE) -> Female | D3: =VLOOKUP(A:A,'global_freelancer Cleaned data'!A2:O251,4,FALSE) -> 52 | E3: =VLOOKUP(A:A,'global_freelancer Cleaned data'!A2:O251,5,FALSE) -> Australia | F3: =VLOOKUP(A:A,'global_freelancer Cleaned data'!A2:O251,8,FALSE) -> 34 | G3: =VLOOKUP(A:A,'global_freelancer Cleaned data'!A2:M251,13,FALSE) -> Reviewed | H3: =VLOOKUP(A:A,'global_freelancer Cleaned data'!A2:N251,14,FALSE) -> Completed | I3: =VLOOKUP(A:A,'global_freelancer Cleaned data'!A2:O251,15,FALSE) -> 10
A4: FL250003 | B4: =VLOOKUP(A:A,'global_freelancer Cleaned data'!A:O,2,FALSE) -> Juan Nelson | C4: =VLOOKUP(A:A,'global_freelancer Cleaned data'!A3:O252,3,FALSE) -> Male | D4: =VLOOKUP(A:A,'global_freelancer Cleaned data'!A3:O252,4,FALSE) -> 53 | E4: =VLOOKUP(A:A,'global_freelancer Cleaned data'!A3:O252,5,FALSE) -> Germany | F4: =VLOOKUP(A:A,'global_freelancer Cleaned data'!A3:O252,8,FALSE) -> 31 | G4: =VLOOKUP(A:A,'global_freelancer Cleaned data'!A3:M252,13,FALSE) -> Reviewed | H4: =VLOOKUP(A:A,'global_freelancer Cleaned data'!A3:N252,14,FALSE) -> Active | I4: =VLOOKUP(A:A,'global_freelancer Cleaned data'!A3:O252,15,FALSE) -> 16
A5: FL250004 | B5: =VLOOKUP(A:A,'global_freelancer Cleaned data'!A:O,2,FALSE) -> Amanda Spencer | C5: =VLOOKUP(A:A,'global_freelancer Cleaned data'!A4:O253,3,FALSE) -> Female | D5: =VLOOKUP(A:A,'global_freelancer Cleaned data'!A4:O253,4,FALSE) -> 38 | E5: =VLOOKUP(A:A,'global_freelancer Cleaned data'!A4:O253,5,FALSE) -> Australia | F5: =VLOOKUP(A:A,'global_freelancer Cleaned data'!A4:O253,8,FALSE) -> 4 | G5: =VLOOKUP(A:A,'global_freelancer Cleaned data'!A4:M253,13,FALSE) -> Reviewed | H5: =VLOOKUP(A:A,'global_freelancer Cleaned data'!A4:N253,14,FALSE) -> Completed | I5: =VLOOKUP(A:A,'global_freelancer Cleaned data'!A4:O253,15,FALSE) -> 5
A6: FL250005 | B6: =VLOOKUP(A:A,'global_freelancer Cleaned data'!A:O,2,FALSE) -> Lynn Curtis DDS | C6: =VLOOKUP(A:A,'global_freelancer Cleaned data'!A5:O254,3,FALSE) -> Female | D6: =VLOOKUP(A:A,'global_freelancer Cleaned data'!A5:O254,4,FALSE) -> 53 | E6: =VLOOKUP(A:A,'global_freelancer Cleaned data'!A5:O254,5,FALSE) -> Germany | F6: =VLOOKUP(A:A,'global_freelancer Cleaned data'!A5:O254,8,FALSE) -> 27 | G6: =VLOOKUP(A:A,'global_freelancer Cleaned data'!A5:M254,13,FALSE) -> Reviewed | H6: =VLOOKUP(A:A,'global_freelancer Cleaned data'!A5:N254,14,FALSE) -> On Hold | I6: =VLOOKUP(A:A,'global_freelancer Cleaned data'!A5:O254,15,FALSE) -> 13
A7: FL250006 | B7: =VLOOKUP(A:A,'global_freelancer Cleaned data'!A:O,2,FALSE) -> Lisa Johnson | C7: =VLOOKUP(A:A,'global_freelancer Cleaned data'!A6:O255,3,FALSE) -> Female | D7: =VLOOKUP(A:A,'global_freelancer Cleaned data'!A6:O255,4,FALSE) -> 59 | E7: =VLOOKUP(A:A,'global_freelancer Cleaned data'!A6:O255,5,FALSE) -> Netherlands | F7: =VLOOKUP(A:A,'global_freelancer Cleaned data'!A6:O255,8,FALSE) -> 14 | G7: =VLOOKUP(A:A,'global_freelancer Cleaned data'!A6:M255,13,FALSE) -> Urgent | H7: =VLOOKUP(A:A,'global_freelancer Cleaned data'!A6:N255,14,FALSE) -> Active | I7: =VLOOKUP(A:A,'global_freelancer Cleaned data'!A6:O255,15,FALSE) -> 8
A8: FL250007 | B8: =VLOOKUP(A:A,'global_freelancer Cleaned data'!A:O,2,FALSE) -> Eric Myers | C8: =VLOOKUP(A:A,'global_freelancer Cleaned data'!A7:O256,3,FALSE) -> Male | D8: =VLOOKUP(A:A,'global_freelancer Cleaned data'!A7:O256,4,FALSE) -> 52 | E8: =VLOOKUP(A:A,'global_freelancer Cleaned data'!A7:O256,5,FALSE) -> Indonesia | F8: =VLOOKUP(A:A,'global_freelancer Cleaned data'!A7:O256,8,FALSE) -> 10 | G8: =VLOOKUP(A:A,'global_freelancer Cleaned data'!A7:M256,13,FALSE) -> Reviewed | H8: =VLOOKUP(A:A,'global_freelancer Cleaned data'!A7:N256,14,FALSE) -> On Hold | I8: =VLOOKUP(A:A,'global_freelancer Cleaned data'!A7:O256,15,FALSE) -> 10
A9: FL250008 | B9: =VLOOKUP(A:A,'global_freelancer Cleaned data'!A:O,2,FALSE) -> Ricky Graham | C9: =VLOOKUP(A:A,'global_freelancer Cleaned data'!A8:O257,3,FALSE) -> Male | D9: =VLOOKUP(A:A,'global_freelancer Cleaned data'!A8:O257,4,FALSE) -> 43 | E9: =VLOOKUP(A:A,'global_freelancer Cleaned data'!A8:O257,5,FALSE) -> Italy | F9: =VLOOKUP(A:A,'global_freelancer Cleaned data'!A8:O257,8,FALSE) -> 14 | G9: =VLOOKUP(A:A,'global_freelancer Cleaned data'!A8:M257,13,FALSE) -> Urgent | H9: =VLOOKUP(A:A,'global_freelancer Cleaned data'!A8:N257,14,FALSE) -> On Hold | I9: =VLOOKUP(A:A,'global_freelancer Cleaned data'!A8:O257,15,FALSE) -> 7
A10: FL250009 | B10: =VLOOKUP(A:A,'global_freelancer Cleaned data'!A:O,2,FALSE) -> Sean Martin | C10: =VLOOKUP(A:A,'global_freelancer Cleaned data'!A9:O258,3,FALSE) -> Male | D10: =VLOOKUP(A:A,'global_freelancer Cleaned data'!A9:O258,4,FALSE) -> 26 | E10: =VLOOKUP(A:A,'global_freelancer Cleaned data'!A9:O258,5,FALSE) -> US | F10: =VLOOKUP(A:A,'global_freelancer Cleaned data'!A9:O258,8,FALSE) -> 4 | G10: =VLOOKUP(A:A,'global_freelancer Cleaned data'!A9:M258,13,FALSE) -> Reviewed | H10: =VLOOKUP(A:A,'global_freelancer Cleaned data'!A9:N258,14,FALSE) -> Inactive | I10: =VLOOKUP(A:A,'global_freelancer Cleaned data'!A9:O258,15,FALSE) -> 2
A11: FL250010 | B11: =VLOOKUP(A:A,'global_freelancer Cleaned data'!A:O,2,FALSE) -> Matthew Lloyd | C11: =VLOOKUP(A:A,'global_freelancer Cleaned data'!A10:O259,3,FALSE) -> Male | D11: =VLOOKUP(A:A,'global_freelancer Cleaned data'!A10:O259,4,FALSE) -> 52 | E11: =VLOOKUP(A:A,'global_freelancer Cleaned data'!A10:O259,5,FALSE) -> Turkey | F11: =VLOOKUP(A:A,'global_freelancer Cleaned data'!A10:O259,8,FALSE) -> 22 | G11: =VLOOKUP(A:A,'global_freelancer Cleaned data'!A10:M259,13,FALSE) -> Pending | H11: =VLOOKUP(A:A,'global_freelancer Cleaned data'!A10:N259,14,FALSE) -> Active | I11: =VLOOKUP(A:A,'global_freelancer Cleaned data'!A10:O259,15,FALSE) -> 16
A12: FL250011 | B12: =VLOOKUP(A:A,'global_freelancer Cleaned data'!A:O,2,FALSE) -> Gavin Randall | C12: =VLOOKUP(A:A,'global_freelancer Cleaned data'!A11:O260,3,FALSE) -> Male | D12: =VLOOKUP(A:A,'global_freelancer Cleaned data'!A11:O260,4,FALSE) -> 40 | E12: =VLOOKUP(A:A,'global_freelancer Cleaned data'!A11:O260,5,FALSE) -> UK | F12: =VLOOKUP(A:A,'global_freelancer Cleaned data'!A11:O260,8,FALSE) -> 17 | G12: =VLOOKUP(A:A,'global_freelancer Cleaned data'!A11:M260,13,FALSE) -> Follow-up | H12: =VLOOKUP(A:A,'global_freelancer Cleaned data'!A11:N260,14,FALSE) -> Inactive | I12: =VLOOKUP(A:A,'global_freelancer Cleaned data'!A11:O260,15,FALSE) -> 20
A13: FL250012 | B13: =VLOOKUP(A:A,'global_freelancer Cleaned data'!A:O,2,FALSE) -> Michelle Curtis | C13: =VLOOKUP(A:A,'global_freelancer Cleaned data'!A12:O261,3,FALSE) -> Female | D13: =VLOOKUP(A:A,'global_freelancer Cleaned data'!A12:O261,4,FALSE) -> 55 | E13: =VLOOKUP(A:A,'global_freelancer Cleaned data'!A12:O261,5,FALSE) -> Argentina | F13: =VLOOKUP(A:A,'global_freelancer Cleaned data'!A12:O261,8,FALSE) -> 15 | G13: =VLOOKUP(A:A,'global_freelancer Cleaned data'!A12:M261,13,FALSE) -> Urgent | H13: =VLOOKUP(A:A,'global_freelancer Cleaned data'!A12:N261,14,FALSE) -> Active | I13: =VLOOKUP(A:A,'global_freelancer Cleaned data'!A12:O261,15,FALSE) -> 13
... A250: FL250249 | B250: =VLOOKUP(A:A,'global_freelancer Cleaned data'!A:O,2,FALSE) -> Zachary Jackson | C250: =VLOOKUP(A:A,'global_freelancer Cleaned data'!A249:O498,3,FALSE) -> Male | D250: =VLOOKUP(A:A,'global_freelancer Cleaned data'!A249:O498,4,FALSE) -> 34 | E250: =VLOOKUP(A:A,'global_freelancer Cleaned data'!A249:O498,5,FALSE) -> China | F250: =VLOOKUP(A:A,'global_freelancer Cleaned data'!A249:O498,8,FALSE) -> 6 | G250: =VLOOKUP(A:A,'global_freelancer Cleaned data'!A249:M498,13,FALSE) -> Follow-up | H250: =VLOOKUP(A:A,'global_freelancer Cleaned data'!A249:N498,14,FALSE) -> Active | I250: =VLOOKUP(A:A,'global_freelancer Cleaned data'!A249:O498,15,FALSE) -> 9

Sheet Day 14 - INDEX(), MATCH()
A1: Name | B1: Gender | C1: Age | D1: Primary_skill | E1: Years_of_Experience
A2: Ms. Nicole Kidd | B2: Female | C2: 52 | D2: Blockchain Development | E2: 11
A3: Vanessa Garcia | B3: Female | C3: 52 | D3: Mobile Apps | E3: 34
A4: Juan Nelson | B4: Male | C4: 53 | D4: Graphic Design | E4: 31
A5: Amanda Spencer | B5: Female | C5: 38 | D5: Web Development | E5: 4 | G5: Name | H5: Gavin Randall
A6: Lynn Curtis DDS | B6: Female | C6: 53 | D6: Not Mentioned | E6: 27 | G6: Years_of_Experience | H6: =INDEX(E2:E18,MATCH(H5,A2:A18,0)) -> 17
A7: Lisa Johnson | B7: Female | C7: 59 | D7: AI | E7: 14
A8: Eric Myers | B8: Male | C8: 52 | D8: Data Analysis | E8: 10
A9: Ricky Graham | B9: Male | C9: 43 | D9: Blockchain Development | E9: 14
A10: Sean Martin | B10: Male | C10: 26 | D10: Blockchain Development | E10: 4
A11: Matthew Lloyd | B11: Male | C11: 52 | D11: AI | E11: 22
A12: Gavin Randall | B12: Male | C12: 40 | D12: Data Analysis | E12: 17
A13: Michelle Curtis | B13: Female | C13: 55 | D13: UI/UX Design | E13: 15
A14: Alice Schneider | B14: Female | C14: 57 | D14: Cybersecurity | E14: 18
A15: Phillip Shelton | B15: Male | C15: 38 | D15: Graphic Design | E15: 20
A16: Edward Ferguson | B16: Male | C16: 50 | D16: Data Analysis | E16: 22
A17: Wyatt Stout | B17: Male | C17: 42 | D17: Not Mentioned | E17: 0
A18: Laura Johnson | B18: Female | C18: 39 | D18: DevOps | E18: 13

Sheet Pivot
A2: Name | B2: (All)
A4: Count of Name | B4: Column Labels | F4: Sum of Years_of_Experience | G4: Column Labels
A5: Row Labels | B5: Male | C5: Female | D5: Grand Total | F5: Row Labels | G5: AI | H5: Blockchain Development | I5: Cybersecurity | J5: Data Analysis | K5: DevOps | L5: Graphic Design | M5: Machine Learning | N5: Mobile Apps | O5: Not Mentioned | P5: UI/UX Design | Q5: Web Development | R5: Grand Total
A6: Argentina | B6: 22 | C6: 24 | D6: 46 | F6: Argentina | G6: 18 | H6: 17 | I6: 20 | J6: 23 | L6: 63 | M6: 48 | N6: 94 | P6: 46 | Q6: 51 | R6: 380
A7: Australia | B7: 27 | C7: 24 | D7: 51 | F7: Australia | G7: 30 | H7: 83 | I7: 53 | J7: 16 | K7: 32 | L7: 114 | M7: 33 | N7: 48 | P7: 20 | Q7: 143 | R7: 572
A8: Brazil | B8: 14 | C8: 17 | D8: 31 | F8: Brazil | G8: 26 | H8: 33 | I8: 36 | J8: 16 | K8: 20 | L8: 33 | M8: 75 | N8: 54 | P8: 30 | Q8: 29 | R8: 352
A9: Canada | B9: 27 | C9: 38 | D9: 65 | F9: Canada | G9: 43 | H9: 79 | I9: 190 | J9: 46 | K9: 38 | L9: 76 | M9: 52 | N9: 31 | P9: 61 | Q9: 97 | R9: 713
A10: China | B10: 21 | C10: 28 | D10: 49 | F10: China | G10: 35 | H10: 42 | I10: 27 | J10: 19 | K10: 92 | L10: 9 | M10: 77 | N10: 29 | P10: 128 | R10: 458
A11: Egypt | B11: 23 | C11: 19 | D11: 42 | F11: Egypt | G11: 14 | H11: 64 | I11: 10 | J11: 22 | K11: 71 | L11: 79 | M11: 22 | N11: 43 | P11: 16 | Q11: 53 | R11: 394
A12: France | B12: 25 | C12: 19 | D12: 44 | F12: France | G12: 41 | H12: 11 | I12: 95 | J12: 37 | K12: 52 | L12: 42 | M12: 45 | N12: 38 | P12: 86 | Q12: 39 | R12: 486
A13: Germany | B13: 28 | C13: 24 | D13: 52 | F13: Germany | G13: 39 | H13: 37 | I13: 14 | J13: 60 | K13: 70 | L13: 62 | M13: 47 | N13: 83 | O13: 27 | P13: 79 | Q13: 35 | R13: 553
A14: India | B14: 28 | C14: 17 | D14: 45 | F14: India | G14: 64 | H14: 52 | I14: 53 | J14: 26 | K14: 8 | L14: 29 | M14: 48 | N14: 97 | P14: 14 | Q14: 23 | R14: 414
A15: Indonesia | B15: 21 | C15: 24 | D15: 45 | F15: Indonesia | G15: 125 | H15: 53 | I15: 16 | J15: 71 | K15: 15 | L15: 52 | M15: 34 | N15: 79 | P15: 56 | Q15: 64 | R15: 565
A16: Italy | B16: 21 | C16: 20 | D16: 41 | F16: Italy | G16: 4 | H16: 35 | I16: 21 | J16: 58 | K16: 83 | L16: 14 | M16: 49 | N16: 76 | P16: 28 | Q16: 71 | R16: 439
A17: Japan | B17: 20 | C17: 17 | D17: 37 | F17: Japan | G17: 59 | H17: 13 | I17: 15 | J17: 83 | K17: 34 | L17: 37 | M17: 12 | N17: 16 | O17: 0 | P17: 0 | Q17: 64 | R17: 333
A18: Mexico | B18: 25 | C18: 25 | D18: 50 | F18: Mexico | G18: 50 | H18: 43 | I18: 19 | J18: 23 | K18: 69 | L18: 79 | M18: 58 | N18: 57 | P18: 96 | Q18: 72 | R18: 566
A19: Netherlands | B19: 22 | C19: 28 | D19: 50 | F19: Netherlands | G19: 77 | H19: 39 | I19: 43 | J19: 59 | K19: 56 | L19: 27 | M19: 96 | N19: 63 | P19: 14 | Q19: 72 | R19: 546
A20: Not Mentioned | B20: 3 | C20: 1 | D20: 4 | F20: Not Mentioned | L20: 20 | M20: 27 | P20: 1 | R20: 48
A21: Russia | B21: 20 | C21: 27 | D21: 47 | F21: Russia | G21: 45 | H21: 84 | I21: 22 | J21: 70 | K21: 76 | L21: 65 | M21: 42 | N21: 49 | P21: 36 | Q21: 42 | R21: 531
A22: South Africa | B22: 20 | C22: 24 | D22: 44 | F22: South Africa | G22: 25 | I22: 83 | J22: 35 | K22: 44 | L22: 55 | M22: 72 | N22: 84 | P22: 58 | Q22: 29 | R22: 485
A23: South Korea | B23: 39 | C23: 29 | D23: 68 | F23: South Korea | G23: 52 | H23: 54 | I23: 76 | J23: 39 | K23: 43 | L23: 78 | M23: 90 | N23: 70 | O23: 28 | P23: 112 | Q23: 120 | R23: 762
A24: Spain | B24: 26 | C24: 19 | D24: 45 | F24: Spain | G24: 31 | H24: 110 | I24: 116 | J24: 51 | K24: 56 | L24: 28 | M24: 48 | N24: 33 | P24: 3 | Q24: 32 | R24: 508
A25: Turkey | B25: 24 | C25: 21 | D25: 45 | F25: Turkey | G25: 38 | H25: 30 | I25: 13 | J25: 36 | K25: 54 | L25: 83 | M25: 1 | N25: 41 | P25: 26 | Q25: 128 | R25: 450
A26: UK | B26: 27 | C26: 23 | D26: 50 | F26: UK | G26: 73 | H26: 17 | I26: 99 | J26: 97 | K26: 173 | L26: 1 | M26: 30 | N26: 48 | P26: 70 | Q26: 7 | R26: 615
A27: US | B27: 27 | C27: 22 | D27: 49 | F27: US | G27: 48 | H27: 70 | I27: 44 | K27: 52 | L27: 69 | M27: 45 | N27: 67 | P27: 150 | Q27: 47 | R27: 592
A28: Grand Total | B28: 510 | C28: 490 | D28: 1000 | F28: Grand Total | G28: 937 | H28: 966 | I28: 1065 | J28: 887 | K28: 1138 | L28: 1115 | M28: 1051 | N28: 1200 | O28: 55 | P28: 1130 | Q28: 1218 | R28: 10762
A30: Country | B30: (All) | H30: Country | I30: (All)
A32: Count of Notes | B32: Column Labels | H32: Count of IF Condition | I32: Column Labels
A33: Row Labels | B33: Follow-up | C33: Pending | D33: Reviewed | E33: Urgent | F33: Grand Total | H33: Row Labels | I33: Entry level | J33: Well Experienced | K33: Grand Total
A34: AI | B34: 25 | C34: 30 | D34: 17 | E34: 28 | F34: 100 | H34: Male | I34: 209 | J34: 301 | K34: 510
A35: Blockchain Development | B35: 29 | C35: 23 | D35: 23 | E35: 30 | F35: 105 | H35: Female | I35: 182 | J35: 308 | K35: 490
A36: Cybersecurity | B36: 18 | C36: 16 | D36: 25 | E36: 27 | F36: 86 | H36: Grand Total | I36: 391 | J36: 609 | K36: 1000
A37: Data Analysis | B37: 29 | C37: 24 | D37: 21 | E37: 21 | F37: 95
A38: DevOps | B38: 25 | C38: 26 | D38: 20 | E38: 41 | F38: 112
A39: Graphic Design | B39: 26 | C39: 23 | D39: 22 | E39: 22 | F39: 93
A40: Machine Learning | B40: 26 | C40: 26 | D40: 18 | E40: 23 | F40: 93
A41: Mobile Apps | B41: 26 | C41: 24 | D41: 35 | E41: 17 | F41: 102
A42: Not Mentioned | D42: 1 | E42: 2 | F42: 3
A43: UI/UX Design | B43: 26 | C43: 31 | D43: 31 | E43: 21 | F43: 109
A44: Web Development | B44: 25 | C44: 24 | D44: 19 | E44: 34 | F44: 102
A45: Grand Total | B45: 255 | C45: 247 | D45: 232 | E45: 266 | F45: 1000

Sheet Dashboard
